ID,Marital status,Application mode,Application order,Course,Daytime/evening attendance,Previous qualification,Mother's occupation,Father's occupation,Displaced,Debtor,Tuition fees up to date,Gender,Scholarship holder,Age,Curricular units 1st sem (credited),Curricular units 1st sem (enrolled),Curricular units 1st sem (evaluations),Curricular units 1st sem (approved),Curricular units 1st sem (grade),Curricular units 2nd sem (credited),Curricular units 2nd sem (enrolled),Curricular units 2nd sem (evaluations),Curricular units 2nd sem (approved),Curricular units 2nd sem (grade),Curricular units 2nd sem (without evaluations),GDP
1,1,1,1,9,1,1,8,8,0,0,1,0,1,18,0,5,7,4,13.0,0,5,8,3,12.333333333333334,0,-3.12
2,1,1,1,8,1,1,2,4,0,0,0,0,0,23,0,5,9,0,0.0,1,5,10,1,12.0,3,1.74
3,1,1,1,15,1,1,10,7,1,0,1,0,1,19,0,6,6,6,13.0,0,6,7,6,13.0,0,1.74
4,1,8,1,15,1,1,3,4,1,0,1,0,0,19,0,6,7,6,12.5,0,6,7,6,12.5,0,1.74
5,1,8,1,9,1,1,4,5,0,0,0,1,0,22,0,5,10,4,11.5,0,5,11,4,14.0,0,3.51
6,1,12,1,3,0,1,10,10,0,0,1,0,0,58,0,6,14,5,12.4,0,6,10,5,11.6,0,-3.12
7,4,12,1,14,1,1,5,11,0,1,1,0,1,39,0,5,6,5,10.6,0,5,7,4,10.75,0,-3.12
8,1,9,6,12,1,1,2,2,1,0,1,0,1,18,0,8,8,7,14.314285714285717,0,8,8,7,14.314285714285717,0,-1.7
9,1,14,1,17,0,1,10,10,1,1,1,1,0,34,6,10,10,7,11.714285714285714,4,10,10,6,11.5,0,1.74
10,1,1,3,6,1,1,12,12,0,0,1,0,0,19,0,5,5,5,15.2,0,5,6,5,13.2,0,0.32
11,2,15,1,17,0,14,10,10,0,0,1,0,0,41,2,6,10,4,12.25,3,7,9,6,12.5,0,-3.12
12,1,8,5,14,1,1,3,3,0,0,1,1,0,20,0,6,6,3,12.333333333333334,0,6,9,0,0.0,0,1.74
13,1,1,1,16,1,1,10,10,0,1,0,0,0,19,0,7,11,4,12.0,0,7,9,6,11.833333333333334,0,-0.92
14,1,1,1,10,1,1,10,10,1,1,0,0,1,19,0,6,8,5,10.6,0,6,8,5,11.0,0,1.74
15,1,1,1,9,1,1,6,6,1,0,1,0,0,22,0,5,8,3,10.333333333333334,0,5,11,2,10.0,0,0.32
16,1,1,2,12,1,1,10,10,1,0,1,0,0,18,0,7,8,7,14.91875,0,8,8,8,15.355,0,-4.06
17,1,8,1,9,1,1,5,8,0,0,1,1,1,19,0,5,12,3,11.666666666666666,0,5,10,3,11.666666666666666,0,-1.7
18,1,12,1,3,0,1,6,5,0,0,1,0,1,27,0,6,16,1,10.0,0,6,13,0,0.0,0,3.51
19,1,8,5,12,1,1,6,9,1,0,1,0,1,18,0,7,7,6,12.6,0,7,7,6,12.6,0,0.32
20,1,14,1,12,1,1,5,6,0,0,1,1,0,23,0,7,14,5,11.94,0,7,14,6,12.2,0,0.79
21,1,12,1,17,0,15,4,5,1,0,1,0,0,27,0,5,0,0,0.0,0,5,0,0,0.0,0,3.51
22,1,8,1,15,1,1,15,26,0,1,1,0,1,18,0,6,6,6,15.666666666666666,0,6,6,6,13.833333333333334,0,3.51
23,1,12,1,15,1,12,26,35,0,1,0,0,1,24,0,6,6,6,13.5,0,6,6,6,13.0,0,2.02
24,1,8,1,15,1,1,6,6,0,0,1,0,0,18,0,6,9,6,12.5,0,6,9,6,13.0,0,0.32
25,1,14,2,14,1,1,6,6,1,0,1,0,0,19,0,5,5,4,13.75,0,6,9,5,12.6,0,-1.7
26,1,1,1,16,1,1,10,10,1,1,0,0,0,21,0,6,8,3,13.666666666666666,0,6,7,3,10.666666666666666,0,-4.06
27,2,12,1,3,0,1,1,1,0,0,1,0,0,54,0,6,8,4,12.75,0,6,12,5,12.6,0,0.32
28,1,8,1,12,1,1,10,10,1,0,1,0,0,19,0,7,0,0,0.0,0,8,0,0,0.0,0,-4.06
29,1,1,1,16,1,1,10,5,1,0,1,0,0,19,0,6,6,6,14.166666666666666,0,6,7,6,13.666666666666666,0,0.32
30,1,16,1,3,0,16,19,44,1,1,1,0,1,21,13,13,13,11,12.727272727272728,9,11,11,10,12.6,0,3.51
31,1,12,1,17,0,1,5,11,0,0,1,1,0,25,0,5,13,1,10.0,0,5,8,2,11.333333333333334,0,1.79
32,1,15,1,5,1,14,5,5,0,0,1,1,0,21,2,7,7,5,11.8,5,9,9,5,11.0,0,1.79
33,1,1,4,11,1,1,6,7,1,0,1,0,1,18,0,6,7,6,12.285714285714286,0,6,6,6,12.0,0,3.51
34,1,1,1,12,1,1,5,8,1,0,1,1,0,18,0,7,7,7,12.444285714285714,0,8,11,7,11.347142857142858,0,1.79
35,1,1,2,14,1,1,8,11,0,0,1,1,0,19,0,5,7,3,12.333333333333334,0,5,5,5,11.6,0,-3.12
36,1,1,2,11,1,1,10,10,1,0,1,0,1,18,0,6,8,6,10.571428571428571,0,6,9,5,11.4,0,-0.92
37,1,1,3,12,1,1,10,10,1,0,1,0,1,22,0,7,7,6,13.9,0,7,7,6,13.9,0,0.32
38,1,1,6,7,1,1,8,4,1,0,1,1,1,20,0,5,6,5,14.0,0,5,7,5,13.8,0,3.51
39,1,1,1,2,1,1,6,11,1,0,1,1,0,19,0,0,0,0,0.0,0,0,0,0,0.0,0,-4.06
40,1,1,2,11,1,1,5,4,1,0,0,1,0,18,0,5,6,0,0.0,0,5,5,0,0.0,0,-1.7
41,1,1,1,3,0,1,10,8,1,0,1,0,0,28,0,6,8,5,12.8,0,6,8,5,11.0,0,-3.12
42,1,1,1,8,1,1,2,10,1,0,1,1,0,22,0,5,9,2,10.5,0,5,5,0,0.0,0,-1.7
43,1,1,1,4,1,1,10,8,0,0,1,1,0,19,0,6,8,6,15.5,0,6,10,6,14.1,0,-0.92
44,1,1,1,15,1,1,10,10,1,0,1,0,1,18,0,6,6,6,13.333333333333334,0,6,6,6,13.333333333333334,0,-3.12
45,1,1,1,10,1,1,6,7,0,0,1,0,1,21,0,6,6,6,13.333333333333334,0,6,8,6,13.166666666666666,0,-3.12
46,1,8,1,17,0,1,5,6,0,0,1,0,0,24,0,5,9,2,11.5,0,5,11,3,14.333333333333334,1,0.32
47,1,1,1,15,1,1,10,10,1,0,1,0,0,19,0,6,11,4,12.25,0,6,11,3,11.0,0,0.32
48,1,1,1,12,1,1,10,10,1,0,1,0,0,18,0,8,8,7,14.13714285714286,0,8,8,7,14.13714285714286,0,1.74
49,1,8,1,8,1,1,5,2,0,0,1,1,0,18,0,6,9,6,12.0,0,6,10,5,12.166666666666666,0,2.02
50,1,1,4,12,1,1,2,3,0,0,1,0,1,20,0,8,8,7,14.565714285714288,0,8,8,7,14.565714285714288,0,1.74
51,2,12,1,9,1,1,10,10,0,0,0,0,0,29,0,4,4,0,0.0,0,5,0,0,0.0,0,-1.7
52,2,13,1,4,1,1,3,3,0,0,1,1,0,26,0,6,9,1,10.0,0,6,6,0,0.0,0,1.79
53,1,15,1,6,1,14,6,6,0,0,1,0,0,20,0,5,10,2,14.5,0,5,7,4,11.25,0,-1.7
54,1,12,1,6,1,2,10,11,0,0,1,1,0,47,0,6,0,0,0.0,0,6,0,0,0.0,0,-0.92
55,5,13,1,11,1,2,5,10,0,0,1,0,0,32,9,15,21,13,12.692307692307692,12,15,22,13,12.384615384615383,0,1.74
56,1,1,1,16,1,1,10,10,1,0,1,0,0,18,0,6,11,3,12.0,0,6,13,2,12.0,0,-1.7
57,1,8,1,3,0,1,6,9,0,1,1,0,1,22,1,6,7,4,12.75,1,6,8,5,13.0,0,0.79
58,1,1,1,5,1,1,10,9,1,0,1,1,0,22,0,6,9,6,14.666666666666666,0,6,12,6,14.666666666666666,0,-1.7
59,1,8,1,2,1,1,10,10,1,0,1,0,0,20,0,0,0,0,0.0,0,0,0,0,0.0,0,-1.7
60,2,12,1,17,0,1,5,3,0,0,1,1,0,34,0,5,5,5,14.2,0,5,5,5,14.6,0,-1.7
61,1,1,2,15,1,1,10,10,1,0,1,0,0,18,0,6,14,4,11.25,0,6,9,5,13.0,0,-3.12
62,1,8,1,9,1,1,8,5,1,0,1,1,0,20,0,5,8,3,11.0,0,5,11,3,12.0,0,1.74
63,1,1,2,14,1,1,4,6,1,0,1,1,0,20,0,6,10,5,14.0,0,6,10,6,12.0,0,2.02
64,1,8,1,9,1,1,10,8,0,0,1,0,0,19,0,5,7,2,10.0,0,5,11,2,14.0,0,1.74
65,1,8,1,16,1,1,10,10,1,0,1,0,0,23,0,6,11,2,10.0,0,6,15,2,11.0,0,0.32
66,1,13,1,12,1,1,10,5,1,0,1,0,0,23,20,26,27,26,15.07777777777778,14,17,17,17,15.023529411764704,0,-4.06
67,1,12,1,6,1,1,7,7,0,0,1,0,1,25,0,6,13,3,11.666666666666666,0,6,14,2,11.333333333333334,0,2.02
68,1,1,1,12,1,1,6,4,1,0,1,0,0,19,0,7,10,6,11.85,0,8,10,7,13.65,0,-0.92
69,1,1,1,10,1,1,5,10,1,0,1,0,0,19,0,6,11,5,10.6,0,6,10,6,11.714285714285714,0,2.02
70,1,12,1,17,0,1,4,10,0,0,1,0,0,27,0,5,5,0,0.0,0,5,6,0,0.0,0,1.79
71,1,8,2,10,1,1,5,4,1,0,1,0,0,19,0,6,11,0,0.0,0,6,0,0,0.0,0,-3.12
72,1,1,1,14,1,1,6,6,0,0,1,0,0,19,0,6,7,6,14.857142857142858,0,6,6,6,13.333333333333334,0,1.79
73,1,15,1,6,1,14,10,10,0,0,1,0,0,20,2,6,8,6,13.0,1,6,18,2,12.0,0,1.79
74,1,1,1,5,1,1,4,7,1,0,1,0,1,19,0,6,9,5,12.0,0,6,10,2,11.333333333333334,0,3.51
75,1,12,1,4,1,1,10,10,0,1,0,0,0,29,3,9,9,3,14.333333333333334,1,7,8,1,14.0,0,-4.06
76,1,1,2,15,1,1,10,10,1,0,1,0,1,19,0,6,7,6,13.5,0,6,7,6,14.428571428571429,0,-0.92
77,1,9,5,16,1,1,8,8,1,0,1,0,0,20,0,6,10,4,12.75,0,6,14,3,11.333333333333334,0,1.74
78,1,1,4,2,1,1,5,9,1,0,1,1,0,19,0,0,0,0,0.0,0,0,0,0,0.0,0,2.02
79,1,8,4,11,1,1,10,8,1,0,1,0,0,20,0,6,7,6,11.5,0,6,8,5,12.4,0,2.02
80,1,8,4,9,1,1,6,8,1,1,1,0,1,18,0,5,5,5,11.6,0,5,5,5,11.8,0,2.02
81,1,9,1,13,1,1,3,9,1,0,1,1,0,21,0,7,8,7,12.375,0,7,11,5,12.583333333333334,0,3.51
82,1,1,1,8,1,1,10,2,0,0,1,1,0,19,0,5,14,2,11.5,0,5,8,5,11.4,3,-3.12
83,1,8,4,9,1,1,5,5,1,0,1,1,1,20,0,5,6,5,11.8,0,5,8,4,11.6,0,3.51
84,1,1,1,15,1,1,5,6,0,0,1,1,0,18,0,6,6,6,12.0,0,6,6,6,12.5,0,-1.7
85,4,12,1,8,1,12,10,5,0,0,1,1,0,48,0,6,0,0,0.0,0,6,0,0,0.0,0,-4.06
86,1,1,1,12,1,1,8,8,1,0,1,0,0,19,0,7,9,6,12.97166666666667,0,8,9,7,12.321428571428571,0,2.02
87,1,1,1,2,1,1,6,2,1,0,1,0,0,18,0,0,0,0,0.0,0,0,0,0,0.0,0,0.79
88,1,14,1,9,1,1,6,4,0,0,1,1,0,22,0,5,9,3,13.0,0,5,9,3,11.666666666666666,0,-1.7
89,1,12,1,17,0,1,10,10,0,0,0,1,0,36,0,5,5,0,0.0,0,5,5,0,0.0,0,-1.7
90,1,1,3,12,1,1,6,8,1,0,1,0,1,18,0,8,11,7,12.90857142857143,0,8,11,7,12.90857142857143,0,1.74
91,1,1,1,2,1,1,10,10,1,0,1,0,0,18,0,0,0,0,0.0,0,0,0,0,0.0,0,0.32
92,1,12,1,17,0,1,4,8,0,0,1,1,0,26,0,5,5,5,12.4,0,5,5,5,12.4,0,-4.06
93,1,14,1,16,1,1,3,6,1,0,1,0,0,21,0,6,10,3,12.666666666666666,0,6,12,3,10.0,0,-3.12
94,1,8,1,9,1,1,4,4,0,0,1,0,0,20,0,5,11,3,10.333333333333334,0,5,10,3,10.666666666666666,0,1.79
95,1,8,1,11,1,1,6,10,1,0,1,0,0,19,0,6,8,4,12.5,0,6,11,1,14.0,0,0.32
96,1,8,3,15,1,1,6,9,0,0,1,0,0,18,0,6,6,0,0.0,0,6,0,0,0.0,0,3.51
97,1,1,1,16,1,1,10,10,1,1,0,0,0,22,0,7,10,6,11.5,0,7,8,6,13.166666666666666,0,2.02
98,1,15,1,6,1,14,5,5,0,0,1,0,0,21,2,6,9,6,13.142857142857142,0,6,9,6,12.166666666666666,0,0.79
99,2,12,1,3,0,1,7,9,0,1,1,0,0,37,3,8,12,7,11.375,2,7,10,6,12.166666666666666,0,0.79
100,1,12,2,9,1,9,10,10,1,1,0,1,0,28,0,5,5,0,0.0,0,5,5,0,0.0,0,-3.12
101,1,12,1,17,0,1,10,10,0,0,1,0,0,24,0,5,9,5,12.285714285714286,0,5,8,5,12.125,0,-0.92
102,1,1,1,2,1,1,3,5,1,0,1,0,0,20,5,12,13,12,11.23076923076923,3,11,18,9,12.77777777777778,0,2.02
103,1,1,1,12,1,1,10,5,1,0,1,0,0,18,0,7,7,6,12.916666666666666,0,7,7,6,12.916666666666666,0,0.32
104,2,12,1,16,1,12,10,10,0,0,1,0,1,32,0,7,10,7,13.428571428571429,2,8,8,8,13.25,0,0.79
105,2,12,1,10,1,1,10,10,0,0,1,0,0,44,0,6,8,6,13.0,0,6,6,6,13.833333333333334,0,-1.7
106,1,13,1,7,1,1,1,1,0,0,1,1,0,18,0,5,6,1,10.0,0,5,7,1,12.0,0,1.74
107,1,1,3,6,1,1,10,6,0,0,1,0,0,19,0,5,7,3,12.0,0,5,7,4,13.5,0,0.32
108,1,12,1,17,0,1,10,10,0,0,1,1,0,35,0,5,5,0,0.0,0,5,5,0,0.0,0,2.02
109,1,1,1,13,1,1,2,2,0,0,1,1,1,21,0,7,14,5,11.2,0,8,11,6,11.583333333333334,0,-0.92
110,1,1,1,14,1,1,12,12,1,1,1,1,0,20,0,6,10,1,12.0,0,6,0,0,0.0,0,1.74
111,1,1,1,12,1,1,6,4,0,0,1,1,1,18,0,7,7,7,15.957142857142856,0,8,9,8,15.188888888888888,0,-0.92
112,1,12,1,12,1,1,10,10,0,0,1,1,0,25,0,8,11,6,12.675,0,8,11,6,12.675,0,-1.7
113,1,8,4,12,1,1,3,2,1,0,1,0,0,18,0,8,8,0,0.0,0,8,8,0,0.0,5,-3.12
114,4,12,1,15,1,13,8,10,0,0,1,0,0,40,0,6,8,5,13.0,0,6,7,5,12.6,0,-0.92
115,2,14,1,17,0,1,4,11,0,0,1,0,0,33,8,10,15,8,10.375,7,10,13,9,10.444444444444445,0,0.32
116,1,8,1,14,1,1,10,9,1,0,1,1,0,22,0,6,0,0,0.0,0,6,0,0,0.0,0,0.79
117,1,1,1,10,1,1,6,7,0,0,1,0,1,22,0,6,10,5,10.714285714285714,0,6,10,5,12.2,0,-1.7
118,1,8,1,12,1,1,6,10,1,0,1,0,1,18,0,8,8,7,14.962857142857144,0,8,8,7,14.962857142857144,0,1.74
119,1,12,1,4,1,12,10,11,0,1,0,1,0,38,0,6,8,0,0.0,0,6,10,0,0.0,0,-0.92
120,1,1,2,6,1,1,3,6,1,0,1,0,0,18,0,5,8,5,16.166666666666668,0,5,9,5,14.285714285714286,1,-3.12
121,1,14,1,12,1,1,3,5,0,0,1,1,0,18,0,7,12,4,12.65,0,7,10,3,10.666666666666666,0,-0.92
122,1,14,1,12,1,1,10,9,1,0,1,0,0,20,0,7,8,7,13.1,0,8,8,8,14.8125,0,0.79
123,1,15,1,4,1,14,19,25,1,1,1,1,0,26,0,6,6,0,0.0,0,6,7,0,0.0,0,3.51
124,1,12,1,17,0,1,10,10,0,0,1,1,0,27,0,5,0,0,0.0,0,5,0,0,0.0,0,1.74
125,1,1,4,5,1,1,3,3,1,0,1,1,0,18,0,6,7,6,14.5,0,6,6,6,15.166666666666666,0,-3.12
126,1,12,1,8,1,1,10,10,0,0,1,1,0,25,0,6,6,0,0.0,0,6,6,0,0.0,0,1.79
127,1,1,1,11,1,1,7,7,1,0,1,0,0,18,0,6,6,6,10.666666666666666,0,6,6,6,11.5,0,0.32
128,1,1,1,2,1,1,2,2,1,0,1,1,0,20,0,0,0,0,0.0,0,0,0,0,0.0,0,1.74
129,1,8,5,12,1,1,5,9,1,0,1,0,0,19,0,7,0,0,0.0,0,8,0,0,0.0,0,1.79
130,1,8,5,10,1,1,10,10,0,1,0,0,0,21,0,6,10,5,11.833333333333334,0,6,10,5,13.2,0,0.79
131,1,12,1,10,1,9,10,10,0,0,1,1,0,47,3,9,9,9,13.11111111111111,3,7,7,7,14.857142857142858,0,1.74
132,1,1,4,12,1,1,10,11,1,0,1,0,0,20,0,7,7,7,12.485714285714286,0,8,12,8,12.9375,0,-0.92
133,2,12,1,11,1,12,10,11,0,0,1,1,0,53,7,11,12,2,15.0,4,9,10,3,10.0,4,-0.92
134,1,1,6,12,1,1,3,2,1,0,1,1,0,18,0,8,10,8,13.05375,0,8,10,8,13.05375,2,-3.12
135,1,1,1,12,1,1,4,10,0,0,1,1,0,23,0,7,7,6,13.483333333333334,0,7,7,6,13.483333333333334,0,0.32
136,1,8,4,12,1,1,3,6,1,0,1,0,0,18,0,7,7,7,13.457142857142856,0,8,8,8,15.125,0,0.79
137,1,8,4,7,1,1,6,6,1,1,0,1,0,18,0,5,12,0,0.0,0,5,8,0,0.0,0,-3.12
138,1,1,1,6,1,1,5,4,1,0,1,0,0,21,0,5,6,5,12.2,0,5,5,5,13.2,0,1.74
139,1,4,1,2,1,3,10,3,0,0,0,1,0,18,0,0,0,0,0.0,0,0,0,0,0.0,0,-3.12
140,1,8,1,6,1,1,5,8,1,0,1,1,0,22,0,6,16,0,0.0,0,6,7,0,0.0,0,-0.92
141,1,1,1,9,1,1,6,8,1,0,1,0,1,21,0,5,6,5,12.8,0,5,7,4,11.25,0,-3.12
142,1,1,1,9,1,1,6,8,0,0,1,1,0,20,0,5,8,5,10.0,0,5,10,2,12.0,0,0.32
143,2,12,1,9,1,1,10,10,1,0,1,0,0,31,0,5,8,3,11.0,0,5,9,2,11.5,0,0.32
144,1,12,1,12,1,1,10,2,0,0,1,1,0,24,0,7,11,7,11.294444444444444,0,8,22,2,12.6,0,-4.06
145,1,8,3,14,1,1,4,4,1,0,1,0,0,18,0,6,8,6,13.875,0,6,7,6,13.714285714285714,0,2.02
146,1,8,1,14,1,1,9,8,1,0,1,0,0,19,0,6,6,6,14.833333333333334,0,6,8,6,13.285714285714286,0,3.51
147,1,1,2,12,1,1,8,8,1,0,1,0,1,18,0,8,8,7,14.654285714285717,0,8,8,7,14.654285714285717,0,1.74
148,1,12,1,9,1,1,10,10,0,0,0,1,0,32,0,5,9,0,0.0,0,5,5,0,0.0,0,-3.12
149,1,15,1,2,1,14,10,10,1,0,1,1,0,21,0,0,0,0,0.0,0,0,0,0,0.0,0,1.79
150,1,1,1,14,1,1,10,11,1,0,1,0,1,20,0,6,6,6,14.166666666666666,0,6,9,6,13.0,0,3.51
151,1,12,1,7,1,3,12,12,0,0,1,1,0,29,0,3,3,0,0.0,0,5,0,0,0.0,0,1.74
152,1,12,1,4,1,1,10,8,1,0,1,1,0,31,0,6,8,0,0.0,0,6,10,0,0.0,0,-0.92
153,2,12,1,4,1,1,5,3,0,1,0,1,0,49,4,12,16,5,11.6,2,7,7,5,11.2,0,3.51
154,1,8,1,10,1,1,8,10,0,0,1,0,0,20,0,6,6,0,0.0,0,5,5,0,0.0,0,3.51
155,1,3,3,5,1,1,10,7,1,0,1,0,0,18,0,6,6,6,12.666666666666666,0,6,8,6,14.125,0,1.74
156,1,16,1,9,1,1,4,4,1,1,0,0,0,22,0,5,8,0,0.0,0,5,7,0,0.0,0,3.51
157,1,8,5,11,1,1,5,8,1,0,0,1,0,18,0,6,12,0,0.0,0,6,0,0,0.0,0,-3.12
158,1,1,1,5,1,1,5,10,1,0,1,1,0,19,0,6,7,5,11.4,0,6,10,3,11.0,3,0.32
159,1,1,1,15,1,1,10,10,0,0,1,1,0,19,0,6,8,6,12.833333333333334,0,6,8,6,13.333333333333334,0,-4.06
160,1,12,1,4,1,1,7,7,0,1,0,1,0,28,4,10,19,8,11.88888888888889,2,8,17,5,11.6,1,-4.06
161,1,9,1,8,1,1,10,6,1,0,1,0,1,18,0,5,7,4,11.5,0,5,5,5,12.4,0,1.74
162,2,12,1,3,0,1,12,12,0,0,0,0,0,51,0,6,13,4,11.25,0,6,12,0,0.0,1,1.74
163,1,14,1,17,0,9,10,10,0,0,1,1,0,28,7,13,13,7,10.285714285714286,5,11,13,5,10.6,0,1.74
164,1,1,2,6,1,1,10,9,0,0,1,0,0,20,0,5,7,4,11.75,0,5,9,2,10.5,0,0.32
165,1,8,6,13,1,1,5,6,1,0,1,0,0,19,0,7,12,5,12.1,0,7,0,0,0.0,0,0.79
166,1,1,2,6,1,1,6,6,1,0,1,0,0,18,0,5,10,5,14.333333333333334,0,5,8,5,13.0,1,-3.12
167,1,8,6,10,1,1,5,8,0,0,1,0,1,18,0,6,7,6,12.142857142857142,0,6,6,6,13.333333333333334,0,0.79
168,1,12,1,5,1,1,5,5,1,0,1,0,0,24,0,6,6,6,15.166666666666666,0,6,6,2,15.5,0,-4.06
169,1,8,6,11,1,1,5,6,1,0,1,1,0,19,0,6,13,5,10.8,0,6,12,3,10.0,0,-3.12
170,1,1,6,9,1,1,8,8,0,0,1,1,0,21,0,5,0,0,0.0,0,5,0,0,0.0,0,1.74
171,1,1,5,14,1,1,5,11,1,0,1,0,0,18,0,6,10,4,11.25,0,6,11,5,12.2,0,3.51
172,1,1,2,9,1,1,6,11,0,0,1,1,0,20,0,5,9,4,10.2,0,5,6,3,11.0,0,-4.06
173,1,8,2,9,1,1,10,9,1,0,1,0,1,18,0,5,8,5,11.8,0,5,10,5,11.6,3,-0.92
174,1,1,6,12,1,1,3,3,1,0,1,0,0,22,0,7,9,5,13.928,0,8,9,7,14.342857142857142,0,2.02
175,1,15,1,4,1,14,3,7,0,0,1,1,0,20,0,6,6,0,0.0,0,6,8,0,0.0,0,-4.06
176,1,1,1,6,1,1,10,11,1,0,1,0,0,18,0,5,7,3,12.333333333333334,0,5,9,5,12.6,0,1.74
177,4,14,1,14,1,1,10,7,0,0,1,0,0,40,4,8,8,8,11.625,3,7,12,5,11.2,0,-3.12
178,1,8,2,11,1,1,6,8,0,0,1,1,1,18,0,6,12,3,10.666666666666666,0,6,9,4,12.0,0,-4.06
179,1,1,1,10,1,1,2,6,1,0,1,0,0,22,0,6,11,4,12.5,0,6,13,3,13.666666666666666,0,-3.12
180,1,1,1,16,1,1,6,6,0,0,1,0,1,19,0,6,7,6,13.428571428571429,0,6,6,6,13.166666666666666,0,-4.06
181,1,1,1,16,1,1,10,9,0,1,1,0,0,18,0,6,10,5,13.0,0,6,10,4,11.5,0,-1.7
182,1,1,2,15,1,1,4,3,1,0,1,0,0,20,0,6,0,0,0.0,0,6,0,0,0.0,0,-0.92
183,1,12,1,17,0,1,5,10,0,0,1,1,0,25,0,5,7,0,0.0,0,5,8,0,0.0,0,-0.92
184,1,8,1,4,1,1,10,10,1,0,1,0,0,21,12,18,22,18,11.88888888888889,11,13,13,13,11.461538461538462,0,-4.06
185,1,9,1,4,1,1,10,7,0,0,1,1,0,21,5,11,16,9,11.9,3,9,14,8,12.25,0,-4.06
186,1,1,1,12,1,1,10,8,1,0,1,0,1,20,0,8,8,7,13.817142857142857,0,8,8,7,13.817142857142857,0,1.74
187,1,1,5,12,1,1,5,9,1,0,1,0,0,19,0,7,11,5,11.716666666666669,0,7,8,5,13.7,0,0.79
188,1,12,1,11,1,12,10,6,0,1,0,1,0,36,0,5,10,0,0.0,0,5,5,0,0.0,0,-4.06
189,2,12,1,17,0,12,6,6,0,0,1,1,0,44,0,5,9,3,11.333333333333334,0,5,8,5,11.142857142857142,0,0.79
190,1,14,1,15,1,1,5,6,0,0,1,0,0,21,0,6,8,6,11.714285714285714,0,6,7,6,12.0,0,0.32
191,1,8,2,15,1,1,6,6,1,1,0,0,0,18,0,6,9,5,12.2,0,6,9,4,11.75,0,1.74
192,1,1,2,14,1,1,10,10,1,0,1,0,0,18,0,6,9,4,13.2,0,6,10,5,12.8,0,1.79
193,1,15,1,4,1,14,3,3,0,0,1,1,0,25,9,14,16,14,12.428571428571429,3,9,13,6,10.857142857142858,0,-4.06
194,1,5,2,6,1,1,5,10,0,0,1,0,0,18,0,6,10,6,13.5,0,6,12,6,12.0,0,1.79
195,1,8,1,15,1,1,3,4,1,0,1,1,0,19,0,6,12,4,10.8,0,6,14,3,11.0,0,0.79
196,1,1,4,12,1,1,4,4,1,0,1,0,0,21,0,7,8,7,14.69625,0,8,9,8,14.622222222222224,0,1.79
197,1,12,1,6,1,1,10,8,1,0,1,0,0,28,0,5,13,4,11.25,0,5,11,4,10.5,0,-1.7
198,1,16,1,12,1,1,6,10,0,0,1,0,1,19,0,7,9,5,13.85,0,8,9,7,12.19285714285714,0,2.02
199,1,8,1,2,1,1,10,10,1,1,1,0,0,22,12,17,19,12,11.833333333333334,10,17,22,11,11.25,0,2.02
200,1,12,1,17,0,1,10,10,0,0,1,0,0,31,0,5,8,4,11.0,0,5,6,5,11.2,0,0.32
201,1,1,1,16,1,1,10,2,0,0,1,0,0,18,0,6,8,5,12.8,0,6,14,3,10.0,0,-3.12
202,1,12,1,2,1,1,28,44,0,0,0,0,0,32,0,0,0,0,0.0,0,0,0,0,0.0,0,-0.92
203,1,8,1,5,1,1,5,1,1,0,1,1,0,20,0,6,9,6,10.666666666666666,0,6,6,5,11.2,0,0.32
204,1,1,1,5,1,1,10,10,1,1,1,0,1,20,0,6,9,6,13.333333333333334,0,6,10,6,14.666666666666666,0,-1.7
205,6,12,2,9,1,1,10,10,0,0,1,0,0,47,0,5,0,0,0.0,0,5,0,0,0.0,0,-3.12
206,1,1,3,12,1,1,10,10,1,0,1,0,0,20,0,7,7,7,13.775714285714288,0,8,8,8,15.599999999999998,0,1.79
207,1,8,1,11,1,1,8,8,0,0,1,0,0,19,0,6,8,5,11.8,0,6,8,5,11.6,0,1.74
208,5,14,1,12,1,1,6,6,0,0,1,0,1,18,0,8,8,7,11.857142857142858,0,8,8,7,11.857142857142858,0,-1.7
209,1,1,2,11,1,1,10,9,0,0,1,1,0,21,0,6,8,3,12.0,0,6,9,1,11.0,0,-4.06
210,2,12,1,6,1,12,10,6,1,0,1,0,0,26,0,6,21,3,12.666666666666666,0,6,15,2,11.0,0,-4.06
211,2,12,1,3,0,1,5,9,0,0,1,1,0,41,6,10,10,10,12.5,3,7,7,7,12.142857142857142,0,1.74
212,1,1,5,12,1,1,4,9,1,0,1,0,0,18,0,7,9,6,12.183333333333332,0,7,9,6,11.783333333333331,0,-0.92
213,1,12,1,12,1,12,5,11,1,0,1,0,0,27,0,7,0,0,0.0,0,8,0,0,0.0,0,2.02
214,1,1,3,12,1,1,8,10,1,0,1,1,1,20,0,8,8,7,13.024285714285714,0,8,8,7,13.024285714285714,0,1.74
215,1,15,1,6,1,14,3,10,1,0,1,0,0,21,1,6,13,3,11.75,1,6,13,5,12.333333333333334,0,1.79
216,1,12,1,14,1,1,8,8,0,0,1,1,0,24,0,6,15,4,10.5,0,6,16,4,12.5,0,-4.06
217,2,12,1,9,1,1,10,6,0,0,1,1,0,45,0,5,6,5,14.833333333333334,0,5,5,5,14.8,0,-4.06
218,1,8,1,6,1,1,6,4,0,0,1,0,0,19,0,5,7,5,13.0,0,5,7,5,13.333333333333334,0,0.32
219,1,1,1,11,1,1,2,2,1,0,1,0,0,19,0,6,9,5,13.4,0,6,16,2,13.5,0,1.74
220,1,1,1,5,1,1,10,10,1,1,0,0,1,19,0,6,6,6,11.833333333333334,0,6,8,6,12.875,0,1.74
221,1,1,6,15,1,1,6,5,0,0,1,1,0,19,0,6,7,5,13.6,0,6,8,5,12.666666666666666,0,-4.06
222,1,12,1,3,0,1,10,11,0,0,1,0,0,27,0,6,8,5,11.0,0,6,7,6,11.166666666666666,0,2.02
223,1,1,1,15,1,1,5,5,0,0,1,1,1,19,0,6,10,4,14.0,0,6,9,6,12.333333333333334,0,-3.12
224,1,14,2,12,1,1,12,1,0,1,1,0,0,22,11,14,14,12,12.333333333333334,11,14,14,12,12.333333333333334,2,0.32
225,1,12,1,9,1,12,8,10,0,1,0,1,0,28,0,5,7,1,11.0,0,5,9,0,0.0,0,1.74
226,1,1,3,10,1,1,6,9,1,0,1,0,0,19,0,6,7,6,12.285714285714286,0,6,7,6,12.833333333333334,0,1.79
227,1,13,1,3,0,1,5,7,0,0,1,0,0,26,0,6,10,3,11.666666666666666,0,6,8,5,12.0,0,-3.12
228,1,8,4,10,1,1,5,8,1,0,1,0,0,19,0,6,7,6,12.0,0,6,7,6,12.428571428571429,0,2.02
229,1,15,1,4,1,14,5,7,0,0,1,1,0,21,0,6,12,5,12.142857142857142,0,6,11,5,11.666666666666666,0,0.79
230,1,15,1,6,1,14,4,4,1,0,1,0,0,21,2,6,7,6,13.0,1,6,15,4,12.8,0,1.79
231,1,1,3,10,1,1,9,9,1,0,1,0,1,19,0,6,7,6,11.714285714285714,0,6,6,6,11.833333333333334,0,0.79
232,1,8,2,12,1,1,10,11,1,0,1,0,0,19,0,7,7,7,14.125714285714285,0,8,8,8,14.36875,0,2.02
233,1,8,2,7,1,1,5,5,1,1,1,1,0,18,0,5,10,1,12.0,0,5,7,3,10.666666666666666,2,0.32
234,1,14,1,1,1,12,5,5,0,1,1,1,0,35,3,10,18,6,12.666666666666666,1,9,11,3,12.0,2,-0.92
235,1,8,3,12,1,1,5,4,1,0,1,0,0,20,0,7,7,6,13.383333333333333,0,7,7,6,13.383333333333333,0,0.32
236,1,1,1,15,1,1,5,11,1,0,1,0,0,18,0,6,7,6,12.666666666666666,0,6,8,4,12.25,0,0.32
237,1,1,1,10,1,1,5,5,0,0,1,0,0,18,0,6,7,6,14.0,0,6,7,6,14.0,0,1.74
238,1,12,1,17,0,1,5,3,0,0,1,0,0,25,0,5,12,4,12.5,0,5,10,4,11.0,0,0.79
239,1,1,2,5,1,1,10,10,1,0,1,1,1,21,0,6,6,6,13.166666666666666,0,6,8,6,13.285714285714286,0,3.51
240,1,1,1,12,1,1,5,5,0,0,1,1,0,19,0,7,7,7,12.2,0,7,7,7,12.2,0,0.32
241,1,1,1,2,1,1,3,6,1,0,1,0,0,18,0,0,0,0,0.0,0,0,0,0,0.0,0,2.02
242,1,1,1,14,1,1,6,10,0,0,1,1,1,18,0,6,8,6,12.166666666666666,0,6,7,5,13.0,0,0.79
243,1,1,2,6,1,1,31,14,0,0,1,0,0,19,0,6,8,6,14.0,0,6,18,3,12.666666666666666,0,1.79
244,1,12,1,8,1,12,10,3,1,1,1,1,0,24,0,6,13,5,13.142857142857142,0,6,15,3,12.666666666666666,0,-0.92
245,1,1,1,8,1,1,3,10,1,0,1,1,0,18,0,6,8,6,13.714285714285714,0,6,7,5,13.333333333333334,0,-4.06
246,1,8,1,10,1,1,6,7,0,0,1,0,1,20,0,6,9,6,11.333333333333334,0,6,6,6,12.333333333333334,0,1.74
247,1,9,1,12,1,1,5,6,1,0,1,0,1,19,0,7,8,6,13.741666666666667,0,8,9,7,14.9125,0,-0.92
248,1,8,2,17,0,1,10,5,0,0,1,1,0,23,0,5,6,4,13.0,0,5,5,5,13.0,0,0.32
249,2,1,1,9,1,1,10,9,1,0,1,0,0,34,0,5,7,2,10.0,0,5,6,4,12.0,0,0.32
250,1,1,1,11,1,1,5,5,0,0,1,1,0,18,0,6,8,6,13.571428571428571,0,6,7,5,11.8,0,3.51
251,1,8,1,6,1,1,5,10,0,0,1,0,0,20,0,6,8,6,13.285714285714286,0,6,16,6,11.8,0,1.79
252,1,4,1,13,1,3,3,3,0,1,0,1,0,38,0,7,8,3,12.666666666666666,0,5,5,0,0.0,0,0.79
253,1,1,2,6,1,1,3,3,1,0,1,0,0,18,0,6,7,6,15.666666666666666,0,6,6,6,14.833333333333334,0,3.51
254,1,1,1,12,1,1,10,10,1,0,1,1,1,19,0,7,7,7,13.7,0,8,9,8,14.022222222222222,0,-0.92
255,1,8,6,14,1,1,5,6,1,0,1,0,0,18,0,5,7,4,11.4,0,5,5,4,11.25,0,-3.12
256,4,4,1,10,1,15,13,13,0,1,1,0,0,41,0,6,0,0,0.0,0,6,0,0,0.0,0,2.02
257,1,9,1,12,1,1,6,6,0,0,1,0,0,20,0,7,13,6,11.7725,0,8,9,7,12.33,0,-4.06
258,1,1,4,12,1,1,2,6,1,0,1,0,0,18,0,8,8,8,13.76125,0,8,8,8,13.76125,0,-3.12
259,1,8,1,14,1,1,5,5,1,0,1,0,1,19,0,6,7,6,13.285714285714286,0,6,9,5,14.6,0,1.79
260,1,8,1,14,1,1,4,4,1,0,1,0,1,18,0,6,7,6,13.833333333333334,0,6,11,6,13.5,0,3.51
261,1,12,1,4,1,1,10,10,0,1,0,1,0,28,5,11,14,11,15.090909090909092,5,10,11,10,15.0,0,2.02
262,1,1,1,9,1,1,10,10,0,0,1,0,1,18,0,5,5,5,10.6,0,5,5,5,11.8,0,1.79
263,1,12,1,13,1,12,10,10,0,0,1,0,0,29,0,7,9,1,10.0,0,7,0,0,0.0,0,-1.7
264,1,4,1,3,0,15,6,11,1,1,0,0,0,23,7,12,12,11,14.0,4,10,11,8,14.625,0,0.79
265,1,8,1,2,1,1,5,11,0,0,0,1,0,19,0,0,0,0,0.0,0,0,0,0,0.0,0,1.74
266,1,8,1,10,1,1,4,5,1,0,1,0,0,18,0,6,8,6,11.75,0,6,10,5,12.0,0,-1.7
267,1,13,1,12,1,1,10,11,1,0,1,1,0,23,0,8,8,8,12.5075,0,8,8,8,12.5075,0,-3.12
268,1,12,1,8,1,15,3,3,1,0,1,0,0,27,0,6,9,5,13.0,5,11,13,10,12.9,0,1.79
269,1,8,2,13,1,1,6,6,1,0,1,0,0,32,0,7,7,0,0.0,0,8,8,0,0.0,0,-0.92
270,1,8,2,9,1,1,6,8,1,0,1,1,0,20,0,5,8,2,10.5,0,5,11,4,12.25,0,1.74
271,1,1,1,12,1,1,10,10,0,0,1,1,0,24,0,7,7,6,13.3,0,7,7,6,13.3,0,0.32
272,1,1,4,12,1,1,6,11,0,0,1,0,1,19,0,7,9,5,14.06,0,7,9,7,11.242857142857142,0,1.79
273,1,8,4,12,1,1,6,8,0,0,1,0,1,19,0,7,8,6,13.579999999999998,0,8,8,8,12.93625,0,-4.06
274,1,1,1,12,1,1,10,10,1,0,1,1,1,18,0,7,7,6,13.516666666666666,0,7,7,6,13.516666666666666,0,0.32
275,1,12,1,6,1,12,10,10,1,1,0,0,1,26,0,6,7,0,0.0,0,6,6,0,0.0,0,0.79
276,1,1,1,2,1,1,10,8,1,0,0,0,0,19,6,12,12,12,15.25,4,11,12,11,15.0,0,3.51
277,1,1,1,2,1,1,10,10,1,0,1,1,1,19,0,0,0,0,0.0,0,0,0,0,0.0,0,0.79
278,1,8,4,7,1,1,1,6,1,0,1,1,0,18,0,5,9,3,11.666666666666666,0,5,10,3,11.333333333333334,4,0.32
279,1,12,2,9,1,1,5,2,1,0,1,1,0,24,0,5,8,3,10.666666666666666,0,5,5,1,14.0,0,-3.12
280,1,8,5,15,1,1,8,4,1,0,1,0,0,22,0,6,7,6,13.571428571428571,0,6,7,6,15.285714285714286,0,0.79
281,2,9,2,3,0,1,10,11,0,1,0,0,0,39,0,5,5,0,0.0,0,4,4,0,0.0,0,-3.12
282,1,1,4,12,1,1,10,10,1,0,1,0,0,19,0,7,8,6,11.658333333333331,0,8,11,6,12.416666666666666,0,1.79
283,1,1,1,12,1,1,10,8,1,0,1,1,1,18,0,7,7,6,13.183333333333332,0,7,7,6,13.183333333333332,0,0.32
284,1,1,1,12,1,1,5,10,0,0,1,0,1,18,0,7,9,7,15.116666666666667,0,8,9,8,16.168888888888887,0,-4.06
285,1,1,1,5,1,1,4,6,1,0,1,0,0,19,0,6,6,6,12.666666666666666,0,6,8,5,11.4,0,1.79
286,1,4,1,3,0,3,6,4,0,0,1,0,0,32,7,11,13,11,13.454545454545457,5,11,13,7,12.428571428571429,0,-1.7
287,1,6,1,9,1,1,3,4,0,0,1,0,0,19,0,5,10,4,12.0,0,5,6,5,11.4,0,2.02
288,4,12,2,3,0,1,8,6,0,0,1,0,1,41,0,6,8,6,11.333333333333334,0,6,9,6,11.333333333333334,0,1.74
289,1,1,1,15,1,1,10,10,1,0,1,0,0,19,0,6,10,5,11.8,0,6,10,5,12.0,0,1.74
290,1,14,2,12,1,1,3,3,0,0,1,0,0,21,0,8,12,6,11.68,0,8,12,6,11.68,0,1.74
291,1,8,1,6,1,1,5,11,1,0,1,0,0,18,0,5,8,4,11.0,0,5,8,3,14.0,0,-1.7
292,1,12,1,12,1,1,10,9,0,0,1,1,0,36,0,7,18,0,0.0,0,7,7,0,0.0,0,0.79
293,1,1,1,14,1,1,10,10,1,0,1,0,0,22,0,5,7,3,12.666666666666666,0,5,6,4,12.0,0,0.32
294,1,8,4,5,1,1,5,2,1,0,1,0,0,20,0,6,7,6,11.5,0,6,6,6,12.0,0,-0.92
295,1,8,1,2,1,1,8,4,1,0,1,0,0,20,0,0,0,0,0.0,0,0,0,0,0.0,0,-4.06
296,1,8,2,7,1,1,10,9,0,0,1,1,1,18,0,5,8,4,13.5,0,6,10,6,13.625,0,2.02
297,2,15,1,17,0,14,5,10,0,0,0,0,0,21,0,5,12,3,11.333333333333334,0,5,10,1,13.0,0,-4.06
298,1,12,1,6,1,9,11,10,0,0,1,1,0,51,0,6,0,0,0.0,0,6,0,0,0.0,0,1.79
299,1,12,1,15,1,1,2,4,0,0,1,1,0,36,0,6,7,6,15.285714285714286,0,6,6,6,16.5,0,1.74
300,1,1,1,2,1,1,3,3,1,0,1,1,0,18,0,0,0,0,0.0,0,0,0,0,0.0,0,-0.92
301,1,8,2,11,1,1,10,8,1,1,1,0,0,21,0,6,0,0,0.0,0,6,0,0,0.0,0,2.02
302,1,1,2,6,1,1,10,9,1,0,1,0,1,18,0,6,7,6,13.833333333333334,0,6,10,6,13.714285714285714,0,3.51
303,4,12,1,17,0,1,10,10,0,0,1,1,0,29,0,5,5,0,0.0,0,5,5,0,0.0,0,0.32
304,1,8,4,7,1,1,2,5,1,0,1,1,0,19,0,5,6,5,14.6,0,5,5,5,15.2,0,3.51
305,1,8,3,6,1,1,10,10,1,0,1,0,0,20,0,5,13,3,11.333333333333334,0,5,8,5,12.6,0,-3.12
306,1,8,1,17,0,1,1,1,1,1,1,1,0,33,0,5,8,2,10.5,0,5,5,0,0.0,0,0.32
307,1,1,1,14,1,1,10,8,1,0,1,0,1,18,0,6,7,6,13.5,0,6,9,5,14.0,0,3.51
308,2,12,1,7,1,1,1,1,1,0,1,1,0,33,0,5,14,1,18.0,0,5,9,2,13.0,0,-3.12
309,1,12,1,8,1,7,1,12,0,0,1,1,0,29,0,5,5,0,0.0,0,5,5,0,0.0,0,0.32
310,1,16,1,5,1,9,4,8,0,1,1,0,0,31,2,6,8,5,11.0,4,6,12,6,10.166666666666666,0,3.51
311,1,12,1,6,1,1,10,10,0,0,0,0,0,32,0,6,0,0,0.0,0,6,0,0,0.0,0,2.02
312,1,12,1,4,1,1,10,10,0,1,0,0,0,48,0,6,6,0,0.0,0,6,6,0,0.0,0,2.02
313,1,8,1,16,1,1,5,11,1,0,1,0,0,18,0,6,10,4,13.0,0,6,9,5,13.666666666666666,0,-3.12
314,1,8,2,12,1,1,6,8,1,0,1,0,1,20,0,7,9,6,13.766666666666666,0,8,9,8,13.744444444444444,0,-0.92
315,1,1,1,5,1,1,10,10,1,0,1,0,1,19,0,6,6,6,14.0,0,6,8,6,13.125,0,1.74
316,1,8,2,11,1,1,5,5,0,0,1,0,1,18,0,6,7,6,11.285714285714286,0,6,9,4,13.5,0,-0.92
317,1,1,1,9,1,1,8,8,1,0,1,0,0,18,0,5,8,4,12.0,0,5,8,4,12.25,0,-3.12
318,1,12,1,11,1,1,10,7,0,0,1,1,0,54,0,6,9,6,13.714285714285714,0,6,13,5,14.333333333333334,0,-0.92
319,1,1,4,15,1,1,10,11,1,0,1,0,1,22,0,6,7,5,13.2,0,6,7,5,13.6,0,1.79
320,4,12,1,9,1,1,10,10,0,0,1,0,0,43,0,5,5,5,16.4,0,5,5,5,16.6,0,0.32
321,2,12,1,16,1,1,10,6,0,0,1,0,0,45,0,7,12,4,10.25,0,7,10,3,13.0,0,2.02
322,1,9,1,16,1,1,10,8,1,0,1,0,0,19,0,6,0,0,0.0,0,6,0,0,0.0,0,2.02
323,1,1,2,10,1,1,5,9,0,0,1,0,0,20,0,6,13,0,0.0,0,5,11,0,0.0,0,-3.12
324,1,8,1,9,1,1,4,8,1,0,1,1,0,18,0,5,13,5,12.0,0,5,9,4,11.4,0,0.79
325,1,12,1,12,1,1,10,8,1,0,1,0,1,26,0,7,7,6,13.7,0,7,7,6,13.7,0,0.32
326,1,1,1,12,1,1,10,10,0,0,1,1,0,18,0,8,11,6,13.496666666666668,0,8,11,6,13.496666666666668,1,-3.12
327,1,12,1,7,1,12,6,4,1,0,1,1,0,24,0,5,9,1,12.0,0,5,6,3,10.5,0,1.74
328,1,1,5,12,1,1,6,11,1,0,1,0,0,20,0,7,7,7,14.30714285714286,0,8,8,8,15.0125,0,1.79
329,1,1,6,12,1,1,4,6,1,1,1,1,1,20,0,7,7,7,13.314285714285717,0,8,8,8,12.575,0,1.79
330,1,1,1,2,1,1,8,9,1,0,1,1,0,26,0,0,0,0,0.0,0,0,0,0,0.0,0,2.02
331,1,1,1,2,1,1,6,10,0,1,0,1,0,18,0,0,0,0,0.0,0,0,0,0,0.0,0,-3.12
332,1,16,1,10,1,14,6,8,1,0,1,0,1,20,6,11,11,11,12.818181818181818,6,11,11,11,13.545454545454543,0,1.79
333,1,12,1,3,0,1,9,8,1,0,1,0,0,24,0,6,11,1,10.0,0,6,6,0,0.0,6,-3.12
334,1,1,1,15,1,1,4,4,1,0,1,0,0,19,0,6,6,6,15.0,0,6,6,6,13.333333333333334,0,2.02
335,1,1,1,5,1,1,2,10,1,0,0,0,0,19,0,5,5,0,0.0,0,6,0,0,0.0,0,1.74
336,1,1,2,16,1,1,3,10,1,0,1,0,0,20,0,6,6,6,13.5,0,6,6,0,0.0,0,-1.7
337,1,12,1,7,1,1,5,5,1,0,1,1,0,27,0,5,10,1,14.0,0,5,0,0,0.0,0,3.51
338,2,12,1,6,1,1,12,12,0,0,1,1,0,33,0,5,7,4,13.5,0,5,6,5,11.6,0,0.32
339,1,8,1,10,1,1,10,10,1,0,1,0,0,21,0,6,8,6,12.166666666666666,0,6,7,6,13.285714285714286,0,2.02
340,1,12,1,14,1,1,1,1,0,0,1,0,0,25,0,5,6,1,11.0,0,5,5,0,0.0,0,0.32
341,1,1,3,12,1,1,5,2,1,0,1,1,0,18,0,8,15,5,12.288,0,8,15,5,12.288,1,1.74
342,4,12,1,3,0,12,10,10,0,0,1,0,1,39,0,6,6,6,13.833333333333334,0,6,6,6,15.5,0,2.02
343,1,12,1,4,1,1,6,10,0,0,1,1,0,27,0,6,6,6,14.166666666666666,0,6,7,6,13.833333333333334,0,2.02
344,1,8,1,2,1,1,5,10,0,0,0,1,0,21,0,0,0,0,0.0,0,0,0,0,0.0,0,0.32
345,1,8,1,5,1,1,5,6,1,0,1,1,0,22,0,6,7,5,11.4,0,6,6,6,12.166666666666666,0,0.32
346,1,12,1,7,1,1,5,5,0,0,1,1,0,34,0,5,7,0,0.0,0,5,8,1,11.0,0,1.74
347,1,1,6,12,1,1,10,10,1,0,1,0,0,18,0,8,12,7,11.971428571428572,0,8,12,7,11.971428571428572,0,-1.7
348,1,8,6,12,1,1,8,8,1,0,1,0,1,18,0,7,7,7,14.44142857142857,0,8,8,8,13.65625,0,2.02
349,2,12,1,15,1,12,1,1,0,1,0,1,0,50,0,6,7,1,15.0,0,5,12,0,0.0,0,1.74
350,1,3,1,6,1,1,5,5,0,0,1,0,0,18,0,5,9,3,12.0,0,5,6,4,13.0,0,0.32
351,2,12,1,9,1,1,5,8,1,0,0,0,0,39,0,5,12,3,10.666666666666666,0,5,15,3,10.666666666666666,0,-3.12
352,1,9,1,16,1,1,5,1,1,0,1,0,0,19,0,7,10,6,12.166666666666666,0,7,9,6,13.166666666666666,0,1.79
353,1,9,1,16,1,1,10,6,0,0,1,0,1,18,0,7,9,6,12.333333333333334,0,7,7,6,12.666666666666666,0,2.02
354,1,4,1,8,1,3,3,4,1,0,0,1,0,18,2,5,7,2,13.0,0,5,5,0,0.0,0,-1.7
355,1,8,3,12,1,1,5,10,1,0,1,1,1,18,0,7,7,6,13.266666666666666,0,7,7,6,13.266666666666666,0,0.32
356,1,8,3,9,1,1,15,36,1,1,1,1,0,19,0,5,10,4,11.0,0,5,13,2,12.0,0,3.51
357,1,1,3,12,1,1,10,10,1,0,1,0,0,18,0,8,8,7,15.657142857142857,0,8,8,7,15.657142857142857,0,-1.7
358,1,1,1,11,1,1,10,10,1,0,1,1,1,20,0,6,7,6,13.571428571428571,0,6,8,6,13.166666666666666,0,3.51
359,2,12,1,7,1,1,10,11,0,1,1,1,0,40,0,5,11,3,10.666666666666666,0,5,5,2,12.5,0,-0.92
360,1,9,1,12,1,1,2,2,1,0,1,0,0,18,0,8,8,7,13.154285714285717,0,8,8,7,13.154285714285717,0,1.74
361,1,1,1,15,1,1,10,10,0,0,1,1,0,20,0,6,8,6,11.5,0,6,8,6,11.0,0,-0.92
362,1,15,1,6,1,14,5,8,1,0,1,0,0,19,2,6,8,6,14.142857142857142,1,6,7,6,13.0,0,0.79
363,1,15,1,4,1,14,3,9,0,0,1,1,0,21,0,6,9,5,13.4,0,6,9,5,12.4,0,3.51
364,1,15,1,8,1,14,6,6,1,1,0,0,0,20,1,6,11,3,12.0,0,6,11,2,11.0,0,1.79
365,1,7,1,5,1,1,5,5,1,0,1,0,0,18,0,6,6,6,14.5,0,6,6,6,12.833333333333334,0,1.79
366,1,1,1,10,1,1,10,10,0,0,1,0,1,20,0,6,9,6,11.875,0,6,7,6,14.428571428571429,0,-0.92
367,1,9,1,3,0,1,10,6,1,0,1,0,0,19,0,6,6,6,12.666666666666666,0,6,8,6,14.375,0,1.79
368,1,1,3,7,1,1,3,8,1,0,1,1,0,18,0,5,8,5,14.0,0,5,6,5,13.2,0,3.51
369,1,1,1,9,1,1,8,8,0,0,1,1,1,18,0,5,10,4,10.8,0,5,10,4,11.75,0,-4.06
370,1,16,1,7,1,1,4,6,1,0,1,1,0,20,4,9,12,9,13.454545454545457,2,7,9,6,13.875,0,2.02
371,1,1,1,10,1,1,6,8,0,0,1,0,1,19,0,6,8,6,12.25,0,6,8,6,12.0,0,-0.92
372,1,1,3,15,1,1,6,11,1,0,0,1,0,19,0,4,8,0,0.0,0,6,0,0,0.0,0,-3.12
373,1,1,1,5,1,1,6,8,1,0,1,1,0,20,0,6,6,4,12.0,0,6,8,2,11.333333333333334,0,1.74
374,1,12,1,4,1,12,10,10,0,0,1,0,0,44,0,6,10,1,12.0,0,6,6,0,0.0,0,2.02
375,1,1,6,12,1,1,4,8,1,0,1,1,0,18,0,7,8,6,13.976666666666668,0,8,12,6,12.041666666666666,1,2.02
376,1,8,2,16,1,1,6,6,1,0,1,0,0,18,0,7,10,7,12.142857142857142,0,7,7,7,13.142857142857142,0,1.79
377,4,12,1,3,0,1,4,5,0,0,1,0,1,35,0,6,9,6,11.333333333333334,0,6,6,6,11.333333333333334,0,-4.06
378,1,8,1,14,1,1,5,9,0,0,1,1,1,19,0,6,7,6,12.0,0,6,6,6,14.0,0,1.79
379,1,16,1,6,1,15,5,3,0,0,1,0,0,28,0,6,8,6,14.428571428571429,0,6,12,4,15.6,0,2.02
380,2,14,1,6,1,1,10,8,0,0,1,1,0,21,0,5,11,0,0.0,0,5,11,3,11.666666666666666,1,-3.12
381,1,8,6,9,1,1,10,10,1,0,1,0,0,19,0,5,7,4,12.5,0,5,8,4,10.0,1,0.32
382,1,8,3,13,1,1,10,8,0,0,1,0,1,18,0,7,9,7,12.855555555555556,0,8,8,8,13.9125,0,-1.7
383,1,1,1,10,1,1,1,6,1,0,1,0,0,19,0,6,12,2,13.0,0,6,8,5,11.6,0,0.32
384,1,1,1,15,1,1,10,10,1,0,1,0,0,18,0,6,6,6,12.833333333333334,0,6,6,6,13.833333333333334,0,3.51
385,4,1,1,17,0,1,10,10,0,1,0,0,0,37,0,5,0,0,0.0,0,5,0,0,0.0,0,-1.7
386,1,7,1,12,1,1,10,10,1,0,1,0,0,20,0,7,7,6,13.755,0,8,9,7,13.571428571428571,0,1.79
387,1,12,1,8,1,1,4,1,0,1,0,1,0,29,0,5,11,0,0.0,0,5,6,0,0.0,1,-3.12
388,1,8,1,10,1,1,5,3,1,1,0,1,0,20,3,9,9,3,13.333333333333334,2,6,6,2,12.5,0,3.51
389,1,8,1,16,1,1,4,5,0,0,1,0,0,29,2,8,10,7,11.142857142857142,2,8,11,8,11.375,0,-1.7
390,1,1,1,14,1,1,5,10,0,0,1,1,0,19,0,5,6,5,11.5,0,5,5,5,11.6,0,-3.12
391,1,1,1,16,1,1,10,6,0,0,1,0,0,18,0,6,6,6,13.166666666666666,0,6,6,6,13.333333333333334,0,0.32
392,1,1,2,2,1,1,4,5,1,1,1,0,0,19,0,0,0,0,0.0,0,0,0,0,0.0,0,1.79
393,2,12,1,17,0,1,10,5,0,0,1,0,0,44,0,5,5,5,11.8,0,5,5,5,12.4,0,-4.06
394,1,15,1,4,1,14,3,11,1,0,1,1,0,20,0,6,7,6,14.0,0,6,7,6,14.666666666666666,0,1.79
395,1,1,2,12,1,1,10,8,1,0,1,0,0,19,0,7,10,7,13.805,0,8,8,8,14.2725,0,-4.06
396,4,12,1,10,1,12,10,11,0,0,0,0,0,44,0,6,0,0,0.0,0,6,0,0,0.0,0,0.79
397,2,2,1,9,1,2,10,10,0,0,0,1,0,57,12,15,17,12,11.75,9,14,16,9,12.22222222222222,0,-3.12
398,1,8,1,11,1,1,10,10,0,0,1,1,1,20,0,6,6,0,0.0,0,6,12,0,0.0,0,1.74
399,1,8,2,3,0,1,1,1,1,0,1,0,0,19,0,6,8,5,12.2,0,6,7,6,12.0,0,0.32
400,1,16,1,14,1,1,2,11,0,1,1,1,0,21,5,11,12,10,12.1,2,8,9,8,13.333333333333334,0,2.02
401,1,8,4,15,1,1,6,8,1,0,1,0,0,20,0,6,9,4,13.25,0,6,11,5,11.8,0,1.79
402,1,1,2,10,1,1,5,8,1,0,1,0,1,21,0,6,9,5,12.333333333333334,0,6,7,5,11.8,0,0.79
403,1,8,4,6,1,1,5,8,0,0,1,0,0,19,0,5,11,5,11.714285714285714,0,5,6,5,12.6,0,-3.12
404,1,8,1,9,1,1,8,8,1,0,1,0,0,23,0,5,7,2,10.0,0,5,9,1,12.0,0,-3.12
405,1,8,1,12,1,1,6,10,1,0,1,0,1,20,0,7,7,6,12.333333333333334,0,7,7,6,12.333333333333334,0,0.32
406,1,1,1,12,1,1,5,4,0,0,1,1,0,19,0,8,9,7,12.828571428571427,0,8,9,7,12.828571428571427,0,-1.7
407,1,1,3,15,1,1,3,9,1,0,1,0,0,18,0,6,6,6,16.0,0,6,7,6,14.333333333333334,0,1.79
408,1,1,1,14,1,1,10,10,1,0,1,0,1,18,0,6,8,5,13.5,0,6,6,6,14.5,0,1.79
409,1,14,1,12,1,1,10,8,1,0,1,1,1,19,0,7,8,5,11.2,0,7,8,5,11.2,0,0.32
410,1,1,1,14,1,1,4,4,1,0,1,1,0,19,0,6,9,5,13.333333333333334,0,6,6,5,13.0,0,1.79
411,1,1,1,10,1,1,5,8,1,0,1,0,1,18,0,6,6,6,13.166666666666666,0,6,7,6,14.142857142857142,0,2.02
412,1,7,2,9,1,1,10,10,1,0,1,1,0,20,0,5,8,1,10.0,0,5,7,1,11.0,0,0.32
413,1,5,2,15,1,1,4,6,1,0,0,0,0,18,0,6,8,5,12.0,0,6,0,0,0.0,0,1.74
414,1,1,1,6,1,1,12,7,0,0,1,0,0,19,0,5,6,5,14.4,0,5,6,5,13.0,0,0.32
415,1,17,1,6,1,16,6,6,1,0,0,0,0,23,7,12,19,9,13.666666666666666,4,9,15,6,13.5,0,3.51
416,1,12,1,4,1,1,7,5,0,0,1,1,0,35,1,6,7,5,12.8,1,6,11,5,13.833333333333334,0,-4.06
417,1,12,1,14,1,9,4,6,0,0,1,1,1,25,0,6,8,6,14.142857142857142,0,6,6,6,13.5,0,-4.06
418,1,8,4,15,1,1,5,6,1,0,1,1,0,18,0,6,10,5,11.6,0,6,6,6,12.0,0,-3.12
419,1,8,1,8,1,1,3,11,1,0,1,0,0,19,0,6,8,6,13.0,0,6,9,4,12.8,0,0.79
420,1,8,1,7,1,1,10,8,0,0,1,1,0,18,0,5,10,3,11.0,0,5,6,3,11.0,1,-0.92
421,1,4,1,12,1,3,6,4,0,0,1,0,0,23,0,8,8,8,13.22,0,8,8,8,13.22,0,-3.12
422,1,8,1,10,1,1,7,7,0,0,1,1,0,22,0,6,0,0,0.0,0,6,0,0,0.0,0,0.79
423,1,1,1,16,1,1,10,10,0,0,1,0,1,18,0,6,8,6,13.142857142857142,0,6,6,6,12.833333333333334,0,-4.06
424,1,14,1,12,1,1,10,11,0,0,1,0,0,23,0,7,11,6,12.1,0,7,7,6,12.616666666666667,0,-0.92
425,1,12,1,4,1,1,5,6,0,0,1,1,0,25,0,6,8,0,0.0,0,6,10,0,0.0,0,-0.92
426,1,4,1,5,1,3,3,3,1,0,1,0,0,32,0,3,3,2,16.0,0,3,3,1,16.0,0,0.32
427,2,4,1,9,1,3,10,10,0,0,1,0,0,23,0,5,0,0,0.0,0,5,0,0,0.0,0,0.32
428,1,1,2,5,1,1,10,4,1,0,1,0,1,18,1,6,8,6,12.714285714285714,0,6,8,6,12.625,0,0.79
429,1,1,2,9,1,1,5,5,1,0,1,1,0,21,0,5,9,4,10.75,0,5,6,5,11.4,0,2.02
430,1,14,1,9,1,1,10,11,0,0,1,0,1,18,0,5,9,5,13.2,0,5,13,5,14.4,5,-0.92
431,1,12,1,9,1,1,5,4,1,0,1,0,0,24,0,5,5,0,0.0,0,5,5,0,0.0,0,0.32
432,1,1,1,14,1,1,8,8,0,0,1,0,0,19,0,6,7,6,14.714285714285714,0,6,6,6,15.833333333333334,0,1.79
433,1,12,1,12,1,1,4,8,0,1,0,0,0,26,0,7,11,4,12.86,0,7,10,5,11.566666666666668,0,1.79
434,1,1,2,15,1,1,5,6,1,0,1,0,0,18,0,5,7,2,10.0,0,1,1,0,0.0,0,-1.7
435,1,1,2,12,1,1,5,5,1,0,1,0,1,19,0,7,9,5,13.34,0,7,9,6,12.385714285714286,0,1.79
436,1,14,1,11,1,1,10,10,0,0,1,0,1,19,0,6,0,0,0.0,0,6,11,1,10.0,0,1.74
437,1,8,1,15,1,1,10,10,1,0,1,1,1,19,0,6,9,5,12.4,0,6,6,6,13.166666666666666,0,-1.7
438,1,14,1,15,1,1,5,9,0,0,0,0,0,21,0,6,7,6,12.0,0,6,6,6,12.0,0,1.74
439,1,12,1,10,1,12,10,10,0,1,0,1,0,33,0,6,8,0,0.0,0,5,6,0,0.0,0,-0.92
440,1,1,1,10,1,1,5,8,1,0,1,0,1,18,0,6,14,0,0.0,0,6,9,4,11.0,0,0.32
441,1,6,1,11,1,1,4,4,1,0,0,1,0,19,0,6,6,6,14.0,0,6,6,6,13.666666666666666,0,0.79
442,1,1,1,2,1,1,10,9,1,0,1,1,1,19,6,12,12,12,13.333333333333334,4,11,15,10,12.818181818181818,0,3.51
443,1,1,5,12,1,1,10,10,0,0,1,0,1,18,0,8,12,7,12.62857142857143,0,8,12,7,12.62857142857143,0,-1.7
444,4,12,1,17,0,1,10,10,0,0,1,0,0,30,0,5,10,3,10.666666666666666,0,5,8,5,10.4,0,-1.7
445,1,5,1,6,1,1,6,6,1,0,1,0,0,22,2,5,7,5,14.2,0,5,10,5,12.2,0,-1.7
446,1,1,1,7,1,1,10,9,0,0,0,1,1,18,0,5,6,5,15.0,0,5,6,5,14.2,0,3.51
447,1,1,3,15,1,1,1,1,0,0,0,1,0,20,0,4,4,0,0.0,0,4,8,0,0.0,0,1.74
448,1,1,1,2,1,1,5,2,1,0,1,1,0,20,0,0,0,0,0.0,0,0,0,0,0.0,0,1.74
449,1,8,4,15,1,1,3,8,1,0,1,1,0,21,0,6,7,0,0.0,0,6,11,1,10.0,0,1.74
450,1,1,2,15,1,1,10,10,0,0,1,1,0,19,0,6,0,0,0.0,0,6,0,0,0.0,0,1.79
451,1,14,1,12,1,1,9,9,0,0,1,0,0,20,0,7,8,6,13.25,0,8,8,8,13.75,0,0.79
452,1,9,1,5,1,1,8,6,0,0,1,0,1,19,6,12,12,11,13.090909090909092,5,11,12,11,12.083333333333334,0,1.74
453,1,15,1,6,1,14,10,5,0,1,0,0,0,24,2,6,11,4,12.5,1,6,18,2,11.5,0,1.79
454,1,12,1,13,1,12,8,11,0,0,1,1,0,25,0,7,14,4,12.95,0,7,11,4,13.125,1,-4.06
455,1,8,2,8,1,1,3,2,0,0,1,0,0,19,0,6,0,0,0.0,0,6,0,0,0.0,0,-4.06
456,1,10,1,9,1,2,1,1,1,0,1,0,0,31,13,15,17,13,11.615384615384617,11,14,14,11,12.545454545454543,0,0.32
457,1,15,1,5,1,14,5,1,1,0,1,1,0,21,0,6,6,6,14.5,0,6,8,6,11.333333333333334,0,1.79
458,1,15,1,4,1,14,8,2,1,0,1,1,0,20,0,6,12,4,11.6,0,6,11,5,11.5,0,-4.06
459,1,15,1,6,1,14,6,7,1,0,1,0,0,21,2,6,16,5,12.666666666666666,1,6,15,2,13.5,0,-0.92
460,1,1,1,11,1,1,10,6,1,0,1,0,0,21,0,6,10,6,10.833333333333334,0,6,10,4,11.0,0,0.32
461,1,8,4,6,1,1,6,6,1,0,1,1,0,21,0,6,0,0,0.0,0,6,0,0,0.0,0,1.74
462,1,8,1,9,1,1,6,6,0,0,1,1,0,18,0,5,9,0,0.0,0,5,5,0,0.0,0,0.32
463,1,9,2,5,1,1,6,6,0,0,1,1,0,18,0,6,8,5,11.0,0,6,6,4,10.75,0,-3.12
464,1,9,1,15,1,1,4,4,0,0,1,0,1,18,0,6,6,6,12.666666666666666,0,6,6,6,11.833333333333334,0,-1.7
465,1,1,2,14,1,1,5,5,0,0,1,1,1,19,0,6,10,6,13.125,0,6,9,6,12.714285714285714,0,2.02
466,1,12,1,17,0,1,10,8,0,0,1,1,0,27,0,5,7,1,11.0,0,5,7,0,0.0,0,0.79
467,1,1,1,3,0,1,2,8,0,0,1,0,0,26,2,8,11,7,12.75,2,7,7,7,12.285714285714286,0,-0.92
468,1,8,1,10,1,1,6,6,1,0,1,0,0,19,0,6,6,6,12.0,0,6,7,6,12.857142857142858,0,2.02
469,1,9,1,10,1,1,5,1,0,0,1,0,0,18,0,1,1,0,0.0,0,6,0,0,0.0,0,1.74
470,1,1,1,5,1,1,4,4,0,0,1,0,1,21,1,6,8,6,12.571428571428571,0,6,8,6,11.625,0,0.79
471,1,1,5,14,1,1,10,10,1,0,0,0,0,18,0,6,0,0,0.0,0,6,0,0,0.0,0,3.51
472,1,1,2,14,1,1,8,8,1,0,1,1,0,19,0,6,6,6,13.333333333333334,0,6,8,5,14.0,0,3.51
473,1,14,1,14,1,1,4,6,0,0,1,0,0,19,0,6,0,0,0.0,0,6,0,0,0.0,0,-4.06
474,1,14,1,12,1,1,27,42,1,0,1,0,0,21,0,7,12,4,13.125,0,7,8,6,12.333333333333334,0,0.79
475,1,1,1,11,1,1,4,8,0,0,1,0,1,22,0,6,9,6,12.833333333333334,0,6,6,4,13.25,0,-0.92
476,1,14,1,10,1,1,10,5,0,1,1,0,0,28,15,16,16,13,12.076923076923077,13,13,13,11,12.090909090909092,0,-0.92
477,1,1,1,8,1,1,5,10,1,0,1,0,0,18,0,6,8,6,14.5,0,6,9,6,12.857142857142858,0,0.79
478,1,7,3,16,1,1,10,6,1,0,1,0,1,23,0,6,10,4,14.25,0,6,8,5,12.0,0,0.32
479,1,1,1,10,1,1,4,4,0,0,1,0,0,20,0,6,6,6,14.5,0,6,6,6,12.666666666666666,0,1.79
480,1,8,1,12,1,1,8,8,0,0,1,0,0,18,0,8,8,8,12.77125,0,8,8,8,12.77125,0,-3.12
481,1,1,1,12,1,1,32,44,1,0,1,0,0,19,0,7,12,5,11.8,0,7,9,6,11.708333333333334,0,2.02
482,1,8,4,12,1,1,5,9,1,0,1,0,0,19,0,7,7,6,11.966666666666669,0,7,7,6,11.966666666666669,0,0.32
483,1,1,1,14,1,1,5,5,0,0,1,1,0,19,0,6,7,0,0.0,0,6,6,0,0.0,0,-4.06
484,1,8,1,9,1,1,4,6,1,0,1,0,0,19,0,5,5,3,11.666666666666666,0,5,10,4,10.8,0,-3.12
485,1,12,1,14,1,1,6,5,0,0,1,0,0,31,2,6,13,5,11.4,0,6,14,4,11.75,0,0.79
486,1,1,6,9,1,1,10,10,1,0,1,1,0,23,0,5,6,4,14.0,0,5,5,5,13.8,0,2.02
487,1,1,1,12,1,1,10,10,1,0,1,1,0,20,0,8,8,7,12.84142857142857,0,8,8,7,12.84142857142857,0,1.74
488,1,1,1,12,1,1,5,5,0,0,1,0,0,19,0,7,10,6,11.614285714285714,0,8,8,8,14.0375,0,0.79
489,1,15,1,4,1,14,7,7,0,1,1,0,1,19,0,6,9,6,14.333333333333334,0,6,7,6,13.833333333333334,0,0.79
490,2,12,1,6,1,12,12,12,0,0,0,1,0,29,0,5,5,0,0.0,0,5,5,0,0.0,0,-1.7
491,1,1,1,9,1,1,3,11,0,0,1,0,0,18,0,5,10,5,13.375,0,5,9,5,14.166666666666666,0,0.79
492,1,16,1,5,1,1,16,22,1,0,1,1,0,20,2,6,7,6,12.833333333333334,0,6,9,4,13.4,0,3.51
493,2,12,1,11,1,1,10,10,0,0,1,1,0,47,6,11,11,11,14.727272727272728,6,9,9,9,15.77777777777778,0,1.74
494,1,15,1,8,1,14,5,9,0,0,1,0,0,19,0,6,0,0,0.0,0,6,0,0,0.0,0,-1.7
495,1,1,1,2,1,1,3,3,0,0,1,1,0,19,4,10,10,5,11.0,2,7,8,2,10.0,0,3.51
496,1,1,1,2,1,1,8,8,1,0,1,1,0,19,0,0,0,0,0.0,0,0,0,0,0.0,0,-3.12
497,2,12,1,3,0,7,9,11,1,0,1,0,0,37,0,6,0,0,0.0,0,6,0,0,0.0,0,-3.12
498,1,1,1,15,1,1,5,8,0,0,1,0,1,19,0,6,7,6,14.714285714285714,0,6,6,6,15.166666666666666,0,0.79
499,2,14,1,17,0,1,10,10,0,0,1,1,0,46,6,10,13,9,12.2,4,10,12,10,12.8,0,0.32
500,1,15,1,8,1,14,5,9,1,0,0,0,0,22,1,6,10,3,12.666666666666666,0,6,7,0,0.0,0,-4.06
501,1,8,1,16,1,1,4,4,1,0,0,0,1,18,0,7,7,7,12.285714285714286,0,7,8,6,13.333333333333334,0,3.51
502,1,1,1,11,1,1,5,2,1,0,1,1,0,18,0,6,15,3,11.666666666666666,0,6,14,2,12.5,0,1.74
503,1,12,1,6,1,9,10,9,1,1,0,1,0,25,0,6,6,0,0.0,0,6,6,0,0.0,0,3.51
504,1,8,4,5,1,1,10,10,1,0,1,1,0,19,0,6,6,6,13.833333333333334,0,6,8,6,13.125,0,1.74
505,1,8,1,12,1,1,4,10,0,0,1,0,1,19,0,7,11,6,13.8875,0,8,9,8,14.864444444444445,0,-4.06
506,1,1,1,9,1,1,5,8,1,0,1,1,0,18,0,5,5,5,13.4,0,5,5,5,15.0,0,3.51
507,1,8,1,6,1,1,10,10,1,0,1,0,1,21,0,6,6,6,14.5,0,6,8,6,14.666666666666666,0,3.51
508,1,8,6,13,1,1,8,8,1,0,1,0,1,18,0,7,9,7,14.1,0,8,8,8,13.3125,0,-1.7
509,1,1,4,15,1,1,3,10,1,0,1,1,0,20,0,6,6,6,16.833333333333332,0,6,6,6,16.666666666666668,0,3.51
510,1,12,1,12,1,1,10,9,0,0,1,0,0,26,0,7,12,3,13.766666666666666,0,7,11,3,12.066666666666668,0,0.79
511,1,1,2,6,1,1,5,10,1,0,1,0,0,18,0,6,6,6,17.0,0,6,6,6,15.5,0,3.51
512,1,12,1,9,1,1,10,10,0,1,0,1,0,26,0,5,5,0,0.0,0,5,9,0,0.0,0,1.74
513,1,1,5,11,1,1,4,10,1,0,1,1,0,20,0,6,10,4,13.0,0,6,6,6,13.0,0,1.79
514,1,4,1,4,1,3,7,7,0,0,1,0,0,54,9,13,13,13,14.307692307692308,5,12,15,12,15.23076923076923,0,-4.06
515,1,14,2,13,1,1,5,4,0,0,1,0,0,27,0,7,9,7,12.228571428571428,1,8,10,8,13.2125,0,1.74
516,1,1,1,8,1,1,1,1,0,0,1,0,0,18,0,6,0,0,0.0,0,6,0,0,0.0,0,0.32
517,1,12,1,12,1,4,4,8,1,0,1,1,0,26,2,7,8,6,13.046666666666669,2,8,10,7,13.30625,0,2.02
518,1,9,1,12,1,1,4,4,0,0,1,0,0,18,0,7,7,7,14.05714285714286,0,8,9,8,14.6,0,-0.92
519,1,9,2,9,1,1,6,8,1,1,0,0,0,20,0,5,9,3,10.0,0,5,9,3,10.571428571428571,0,1.74
520,1,9,3,5,1,1,4,5,0,0,1,0,0,18,0,6,6,2,12.0,0,6,6,1,11.0,0,-3.12
521,1,8,3,10,1,1,5,6,0,0,1,0,0,19,0,6,11,5,11.2,0,6,13,5,11.6,0,-4.06
522,1,12,1,8,1,14,5,2,0,0,1,1,0,28,0,6,9,0,0.0,0,6,8,1,10.0,1,-0.92
523,1,8,1,16,1,1,8,10,0,0,1,0,1,18,0,6,7,6,12.666666666666666,0,6,7,5,12.2,0,1.74
524,2,12,1,4,1,1,10,7,0,0,1,0,0,46,14,19,24,19,12.210526315789474,11,13,13,13,11.384615384615383,0,-4.06
525,1,12,1,4,1,1,10,5,0,0,1,1,0,35,0,6,16,4,12.0,0,6,11,3,10.333333333333334,0,0.79
526,1,8,1,15,1,1,10,9,1,1,0,0,0,19,0,6,6,3,11.333333333333334,0,6,6,0,0.0,0,1.79
527,1,4,1,16,1,3,5,6,0,1,0,0,0,25,1,6,7,6,14.428571428571429,0,6,7,6,13.666666666666666,0,1.74
528,1,15,1,6,1,14,3,10,1,0,1,0,0,21,7,12,18,8,12.25,4,12,27,8,12.2,0,1.79
529,1,13,1,7,1,1,10,10,0,0,0,1,0,27,0,5,0,0,0.0,0,5,0,0,0.0,0,-4.06
530,1,1,1,12,1,1,10,8,1,0,1,0,1,18,0,8,8,8,14.50125,0,8,8,8,14.50125,0,-3.12
531,1,1,3,15,1,1,10,8,1,0,1,1,0,19,0,6,6,6,13.833333333333334,0,6,6,6,13.666666666666666,0,2.02
532,1,9,1,6,1,1,4,6,0,0,0,1,0,21,0,6,10,5,14.0,0,6,11,4,14.8,0,2.02
533,4,12,1,17,0,1,7,7,0,0,1,0,0,39,0,5,6,5,11.0,0,5,9,5,11.666666666666666,0,1.74
534,1,8,3,12,1,1,10,10,1,0,1,0,1,20,0,8,8,7,13.487142857142857,0,8,8,7,13.487142857142857,0,1.74
535,1,1,6,12,1,1,6,10,1,0,1,0,0,18,0,7,7,7,13.877142857142855,0,8,8,8,15.6625,0,1.79
536,4,12,2,14,1,12,12,12,0,0,0,1,0,34,0,6,6,0,0.0,0,6,9,0,0.0,0,1.74
537,1,1,5,5,1,1,10,10,1,0,1,0,0,20,0,6,6,6,11.166666666666666,0,6,6,6,12.166666666666666,0,0.32
538,1,12,1,4,1,1,10,7,0,1,0,1,0,31,0,6,15,1,11.0,0,6,10,0,0.0,0,-0.92
539,1,1,5,9,1,1,3,3,0,0,1,1,0,22,1,5,10,4,11.75,0,5,10,3,11.0,0,0.32
540,1,1,4,12,1,1,5,8,1,0,1,0,1,18,0,7,7,7,13.117142857142856,0,8,9,7,12.6,0,2.02
541,1,8,2,11,1,1,10,10,1,0,1,0,0,18,0,6,15,2,10.0,0,6,12,0,0.0,0,1.74
542,1,14,1,8,1,1,4,3,1,0,0,1,0,22,0,6,0,0,0.0,0,4,6,0,0.0,2,1.74
543,1,1,3,12,1,1,10,6,1,0,1,0,0,18,0,7,7,6,14.016666666666666,0,7,7,6,14.016666666666666,0,0.32
544,1,1,1,7,1,1,10,6,1,0,1,1,0,20,0,5,5,0,0.0,0,5,0,0,0.0,0,-3.12
545,1,4,1,4,1,3,10,8,1,0,0,1,0,32,11,17,31,11,12.727272727272728,10,12,24,10,12.7,1,-4.06
546,1,8,3,7,1,1,4,3,1,0,1,1,0,19,0,5,10,2,11.0,0,6,10,0,0.0,0,2.02
547,1,1,1,15,1,1,8,6,1,0,1,0,0,18,0,6,7,6,13.5,0,6,8,6,12.5,0,-3.12
548,1,1,1,9,1,1,10,10,1,0,1,0,0,20,0,5,9,2,10.0,0,5,10,2,11.0,0,0.32
549,1,8,1,11,1,1,5,5,1,0,1,1,0,21,0,6,11,6,11.166666666666666,0,6,14,3,14.666666666666666,0,0.32
550,1,1,4,15,1,1,5,4,1,0,1,0,0,19,0,6,6,4,12.0,0,6,11,3,11.333333333333334,0,2.02
551,1,14,3,12,1,1,10,8,1,1,1,0,1,20,0,7,9,7,12.327777777777778,0,8,10,8,11.736,0,-4.06
552,1,8,1,5,1,1,3,10,0,0,1,0,0,18,0,6,8,6,12.5,0,6,6,6,12.333333333333334,0,-4.06
553,1,14,1,3,0,1,3,4,0,0,1,0,0,27,7,10,10,9,11.444444444444445,4,11,11,5,10.8,0,1.74
554,1,1,1,14,1,1,5,5,0,0,1,0,1,18,0,6,8,6,14.0,0,6,7,6,13.285714285714286,0,2.02
555,1,14,3,2,1,1,10,10,1,0,1,0,1,20,0,0,0,0,0.0,0,0,0,0,0.0,0,0.32
556,1,1,1,14,1,1,1,5,0,0,1,0,0,22,0,5,6,2,12.5,0,5,5,0,0.0,0,-3.12
557,1,1,3,6,1,1,12,12,1,0,1,0,0,18,0,5,6,5,13.333333333333334,0,5,7,4,14.8,0,0.32
558,1,12,1,17,0,1,10,10,1,0,0,1,0,25,0,5,5,0,0.0,0,5,5,0,0.0,0,-3.12
559,1,7,2,9,1,1,10,10,1,0,1,0,1,20,0,5,8,3,12.0,0,5,9,4,12.625,0,1.74
560,1,12,1,2,1,1,10,10,0,0,1,0,0,26,0,0,0,0,0.0,0,0,0,0,0.0,0,-0.92
561,1,1,1,2,1,1,8,10,1,0,0,0,1,18,0,0,0,0,0.0,0,0,0,0,0.0,0,-1.7
562,1,4,1,7,1,15,5,5,0,0,1,1,0,27,4,6,6,6,13.166666666666666,2,5,7,5,15.142857142857142,0,2.02
563,1,12,2,13,1,1,10,10,1,0,1,0,0,25,0,7,11,7,11.857142857142858,0,8,21,5,11.7,0,1.79
564,1,1,2,12,1,1,3,8,1,0,1,0,1,18,0,8,8,8,13.88125,0,8,8,8,13.88125,0,-3.12
565,1,8,6,9,1,1,10,10,1,0,1,1,0,25,13,15,15,13,10.76923076923077,11,14,15,12,11.833333333333334,0,0.32
566,1,8,1,12,1,1,10,10,0,0,1,0,1,18,0,7,7,7,14.145714285714286,0,8,9,8,13.627777777777778,0,2.02
567,1,14,1,5,1,1,10,8,0,0,1,1,0,26,9,14,14,14,14.0,7,13,13,13,13.615384615384617,0,-4.06
568,1,12,1,12,1,15,10,8,0,0,1,0,0,27,3,8,12,7,12.457142857142856,3,8,12,7,12.457142857142856,0,-1.7
569,1,14,1,15,1,1,4,1,0,1,1,0,0,20,0,6,7,6,13.333333333333334,0,6,8,6,12.666666666666666,0,1.79
570,1,8,2,10,1,1,4,5,1,0,1,0,0,19,0,6,14,1,11.5,0,6,12,2,10.5,0,0.32
571,1,8,2,14,1,1,1,1,1,1,0,0,0,18,0,5,8,3,12.0,0,5,6,4,10.75,0,0.32
572,1,12,1,13,1,1,10,9,0,0,1,0,0,24,0,7,15,5,12.4,0,8,14,7,12.15,0,1.79
573,1,1,1,12,1,1,5,5,0,0,1,0,0,18,0,7,10,7,15.145,0,8,8,8,15.7425,0,-4.06
574,1,7,2,10,1,1,6,7,1,0,1,0,0,18,0,6,8,6,13.571428571428571,0,6,11,5,12.166666666666666,0,-3.12
575,1,1,1,11,1,1,5,6,0,0,1,1,1,20,0,6,9,6,12.571428571428571,0,6,6,6,12.166666666666666,0,3.51
576,1,8,1,10,1,1,5,5,0,0,1,0,0,19,0,6,6,6,14.666666666666666,0,6,7,6,14.571428571428571,0,-4.06
577,1,13,1,12,1,1,4,4,0,0,1,0,0,18,0,7,8,7,13.55,0,8,8,8,14.1875,0,0.79
578,1,13,1,7,1,6,7,7,1,0,1,1,0,34,4,6,8,4,11.25,1,5,8,2,10.5,0,0.32
579,1,1,1,8,1,1,10,10,1,1,1,0,0,20,0,5,10,2,12.0,0,5,9,4,11.0,0,-3.12
580,1,1,1,15,1,1,10,8,1,0,1,1,1,21,0,6,6,6,13.5,0,6,6,6,14.166666666666666,0,-1.7
581,1,1,1,11,1,1,1,1,1,0,1,0,1,20,0,6,12,0,0.0,0,6,12,0,0.0,0,0.32
582,2,12,1,5,1,9,6,11,0,1,0,1,1,46,0,6,6,0,0.0,0,6,6,0,0.0,0,-4.06
583,1,1,1,15,1,1,5,7,1,0,0,1,0,29,0,6,8,6,16.5,0,6,6,5,13.8,0,2.02
584,1,1,1,7,1,1,10,7,0,0,1,1,0,19,0,5,7,1,13.0,0,5,7,2,10.0,0,-3.12
585,1,8,1,14,1,1,5,11,0,0,1,0,0,19,0,6,10,5,11.5,0,6,9,4,14.6,0,2.02
586,1,8,1,10,1,1,10,6,1,0,1,0,1,20,0,6,10,5,11.857142857142858,0,6,8,6,11.666666666666666,0,-1.7
587,1,1,6,12,1,1,4,10,1,0,1,1,0,18,0,8,8,8,13.74625,0,8,8,8,13.74625,0,-3.12
588,1,1,3,6,1,1,5,9,1,0,1,0,0,18,0,6,7,6,14.666666666666666,0,6,12,6,13.833333333333334,0,3.51
589,1,9,1,10,1,1,10,3,1,0,1,1,0,21,0,6,9,6,10.166666666666666,0,6,10,6,10.5,0,-1.7
590,1,8,3,14,1,1,9,9,0,1,1,0,0,19,0,5,5,1,10.0,0,5,5,0,0.0,0,-3.12
591,1,1,1,15,1,1,5,2,1,0,1,1,0,18,0,6,7,6,14.166666666666666,0,6,6,6,12.833333333333334,0,-3.12
592,1,8,3,2,1,1,6,11,1,0,1,1,0,22,0,0,0,0,0.0,0,0,0,0,0.0,0,1.79
593,1,15,1,4,1,14,10,10,0,0,1,1,1,22,0,6,8,6,13.125,0,6,10,6,13.0,0,-0.92
594,1,1,5,5,1,1,10,4,1,0,1,0,0,20,0,6,6,6,11.166666666666666,0,6,9,6,11.5,0,1.79
595,1,1,3,12,1,1,3,11,1,0,1,1,0,18,0,8,8,8,13.24875,0,8,8,8,13.24875,0,-3.12
596,1,1,1,14,1,1,1,3,1,0,1,1,0,21,0,5,8,0,0.0,0,5,5,0,0.0,0,-3.12
597,1,8,2,15,1,1,6,6,1,0,1,0,1,22,0,6,11,5,12.0,0,6,11,5,11.0,0,0.32
598,1,15,1,8,1,14,4,7,1,0,1,1,0,22,11,18,32,12,12.857142857142858,8,12,15,10,14.3,0,-0.92
599,1,1,1,11,1,1,10,11,0,0,1,0,0,18,0,6,6,6,12.5,0,6,6,6,12.666666666666666,0,-4.06
600,1,1,1,15,1,1,10,11,1,0,1,0,0,19,0,6,12,3,13.0,0,6,13,2,14.0,0,-3.12
601,1,12,2,3,0,1,12,12,0,0,1,0,0,41,0,6,10,4,13.5,1,6,7,6,11.166666666666666,0,0.32
602,2,12,1,17,0,1,10,10,0,1,0,1,0,29,0,5,7,4,11.25,0,5,8,4,11.8,0,1.74
603,1,13,1,12,1,6,10,5,0,0,1,0,0,21,12,21,33,18,14.933333333333334,12,21,33,18,14.933333333333334,12,0.32
604,1,1,2,10,1,1,10,9,1,0,1,0,1,19,0,6,8,6,12.714285714285714,0,6,12,5,11.0,0,0.79
605,1,1,4,2,1,1,10,6,1,0,0,0,0,19,0,0,0,0,0.0,0,0,0,0,0.0,0,-3.12
606,2,4,1,3,0,3,5,5,0,0,1,0,0,27,0,5,5,0,0.0,0,6,0,0,0.0,0,-3.12
607,1,14,1,3,0,1,6,5,0,0,1,0,0,20,2,6,6,6,12.166666666666666,0,6,7,5,14.0,0,-1.7
608,1,14,1,12,1,6,10,10,1,0,1,0,0,19,0,7,7,6,13.333333333333334,0,7,7,6,13.333333333333334,0,0.32
609,1,1,2,15,1,1,10,10,1,0,1,0,1,19,0,6,8,6,13.166666666666666,0,6,6,6,13.0,0,2.02
610,1,13,1,12,1,1,10,8,1,0,1,0,1,22,0,8,8,7,13.08,0,8,8,7,13.08,0,1.74
611,1,14,1,14,1,1,5,9,0,0,1,1,0,19,0,6,17,4,12.5,0,6,8,4,13.25,0,0.79
612,1,1,3,11,1,1,5,8,1,0,1,0,0,21,0,6,8,6,11.333333333333334,0,6,8,4,12.25,0,2.02
613,1,1,1,6,1,1,3,10,0,0,1,0,0,18,0,6,14,4,11.5,0,6,17,3,13.75,0,2.02
614,1,1,3,16,1,1,3,3,1,0,1,0,0,23,0,6,8,5,13.6,0,6,8,5,11.6,0,0.32
615,2,12,1,12,1,13,10,4,0,0,1,1,0,37,0,7,8,7,12.828571428571427,0,8,8,8,12.6875,0,0.79
616,1,8,1,16,1,1,1,1,1,0,1,0,0,21,0,6,12,3,11.333333333333334,0,6,10,3,11.333333333333334,0,0.32
617,1,1,1,15,1,1,10,9,1,0,1,0,0,18,0,6,12,1,11.0,0,6,12,0,0.0,0,-3.12
618,1,4,1,7,1,15,3,6,0,0,1,1,0,23,0,5,5,5,13.8,0,5,7,5,14.142857142857142,0,2.02
619,1,1,6,12,1,1,6,6,1,0,1,0,1,18,0,8,8,7,12.61,0,8,8,7,12.61,0,1.74
620,2,12,1,17,0,1,2,5,1,0,0,1,0,40,0,5,10,2,10.5,0,5,5,3,10.666666666666666,0,-3.12
621,1,1,1,14,1,1,6,10,1,0,1,0,0,20,0,6,9,6,13.285714285714286,0,6,8,5,13.8,0,-4.06
622,1,8,2,11,1,1,10,10,1,0,1,0,0,18,0,6,6,6,12.666666666666666,0,6,7,5,14.6,0,2.02
623,1,6,1,7,1,1,3,3,0,1,1,1,0,24,2,8,8,7,13.142857142857142,1,6,8,6,11.833333333333334,0,3.51
624,1,9,1,7,1,1,8,8,1,0,1,1,0,18,0,5,5,1,16.0,0,5,5,0,0.0,0,-3.12
625,1,12,1,17,0,1,10,7,0,1,0,1,0,31,0,5,9,0,0.0,0,5,6,0,0.0,0,1.79
626,5,4,1,9,1,15,10,10,0,0,1,0,0,23,10,15,15,13,10.923076923076923,5,10,10,7,11.142857142857142,0,-4.06
627,1,12,1,12,1,1,10,9,1,0,1,0,0,27,0,7,14,0,0.0,0,7,14,0,0.0,0,2.02
628,1,12,1,17,0,1,10,9,0,0,1,0,0,26,0,5,10,4,12.0,0,5,9,4,11.25,0,-1.7
629,1,1,6,12,1,1,4,4,1,0,1,0,1,19,0,7,7,7,12.765714285714289,0,8,9,8,13.544444444444444,0,1.79
630,2,12,1,6,1,7,5,5,1,0,0,1,0,29,0,5,12,0,0.0,0,5,8,0,0.0,1,-3.12
631,1,14,1,17,0,1,10,10,1,0,1,1,0,25,14,15,16,15,10.8,13,14,14,14,11.357142857142858,0,-3.12
632,1,1,1,12,1,1,3,9,0,0,1,1,0,20,0,7,10,5,13.976666666666668,0,8,9,8,13.22222222222222,0,1.79
633,1,3,2,5,1,1,5,11,1,0,1,1,0,18,0,6,7,5,13.2,0,6,6,5,11.8,0,-0.92
634,1,1,1,15,1,1,5,6,1,0,1,0,0,20,0,6,6,6,13.833333333333334,0,6,6,6,12.5,0,-1.7
635,1,1,1,10,1,1,5,10,0,0,1,0,1,20,0,6,6,6,11.666666666666666,0,6,8,6,11.166666666666666,0,-4.06
636,1,8,3,14,1,1,5,4,1,0,1,0,0,18,0,6,8,6,14.0,0,6,9,5,14.0,0,3.51
637,2,12,1,3,0,1,10,8,0,0,1,1,0,54,4,9,9,9,14.333333333333334,2,7,7,7,13.857142857142858,0,3.51
638,4,12,1,4,1,12,10,10,0,0,1,1,0,49,6,12,17,7,12.0,3,12,19,9,11.22222222222222,0,-4.06
639,1,8,1,7,1,1,10,11,1,0,1,1,0,20,0,5,7,4,12.0,0,5,8,2,12.5,0,1.74
640,1,12,1,7,1,12,5,6,0,0,1,1,0,25,0,5,13,1,11.0,0,5,11,1,10.0,0,0.79
641,1,1,4,12,1,1,8,8,1,0,1,0,0,18,0,8,8,7,12.324285714285711,0,8,8,7,12.324285714285711,0,1.74
642,1,12,1,3,0,1,10,8,0,0,1,1,1,37,1,7,9,6,11.857142857142858,1,6,7,5,12.0,0,0.79
643,1,1,1,12,1,1,10,10,1,1,1,0,0,20,0,7,7,6,15.4,0,7,7,6,15.4,0,0.32
644,1,8,4,13,1,1,5,11,1,0,1,0,0,20,0,7,7,7,12.5,0,8,8,8,13.1375,0,1.79
645,1,15,1,4,1,14,10,7,0,0,1,1,1,21,0,6,15,6,11.714285714285714,0,6,8,4,11.75,0,0.79
646,1,8,6,9,1,1,8,10,0,0,1,0,1,19,0,5,5,5,12.4,0,5,8,3,11.0,0,-1.7
647,1,15,1,4,1,14,10,8,0,0,1,0,1,19,0,6,7,6,15.333333333333334,0,6,9,6,14.0,0,-4.06
648,1,13,1,7,1,1,10,4,0,1,1,1,0,25,0,5,5,0,0.0,2,6,7,2,14.0,0,0.79
649,2,1,4,16,1,1,6,8,0,0,1,0,1,19,0,6,6,6,13.333333333333334,0,6,6,6,14.5,0,1.74
650,1,9,6,12,1,1,4,9,1,0,1,0,0,21,0,8,8,7,12.414285714285716,0,8,8,7,12.414285714285716,0,-1.7
651,1,1,1,15,1,1,1,1,1,0,1,1,0,19,0,6,6,6,11.666666666666666,0,6,10,3,12.666666666666666,0,0.32
652,1,1,1,10,1,1,10,10,0,0,1,0,1,18,0,6,11,5,11.142857142857142,0,6,8,6,12.285714285714286,0,-0.92
653,1,1,1,8,1,1,3,3,1,0,1,0,0,18,0,6,8,6,12.0,0,6,8,5,14.8,0,1.79
654,1,8,2,12,1,1,6,8,1,0,1,0,1,18,0,8,8,7,14.312857142857142,0,8,8,7,14.312857142857142,0,1.74
655,2,1,1,4,1,1,10,10,1,1,1,1,0,35,14,17,17,14,10.642857142857142,12,12,12,12,10.666666666666666,0,-4.06
656,1,1,3,12,1,1,6,6,1,0,1,0,1,19,0,7,9,6,11.814285714285717,0,8,8,7,13.542857142857144,0,0.79
657,1,15,1,7,1,14,10,10,1,1,1,1,0,20,0,5,6,5,16.5,0,5,7,5,17.714285714285715,0,1.79
658,1,1,1,16,1,1,6,6,1,0,1,0,0,19,0,7,10,4,10.5,0,7,7,2,10.5,0,-0.92
659,1,1,1,9,1,1,10,10,0,0,1,1,0,20,0,5,5,5,13.6,0,5,7,5,13.0,0,-3.12
660,4,12,1,13,1,1,10,3,0,0,1,0,0,25,0,7,14,7,11.95,0,8,15,7,12.042857142857144,0,-1.7
661,1,8,2,11,1,1,5,8,1,0,1,0,0,19,0,6,8,6,12.166666666666666,0,6,6,6,13.5,0,2.02
662,2,12,1,15,1,1,10,10,0,0,1,1,0,47,0,6,8,5,11.4,0,6,10,6,11.666666666666666,0,-1.7
663,1,1,1,14,1,1,2,11,1,0,1,0,0,19,0,6,7,6,12.833333333333334,0,6,10,6,11.77777777777778,0,3.51
664,1,8,1,2,1,1,6,10,1,0,1,0,0,23,0,0,0,0,0.0,0,0,0,0,0.0,0,2.02
665,2,12,1,17,0,1,10,11,0,0,1,1,0,47,0,5,8,4,10.0,0,5,8,4,12.5,0,-3.12
666,1,12,1,11,1,1,10,7,1,1,0,0,0,24,0,6,14,6,11.285714285714286,0,6,16,3,10.333333333333334,0,3.51
667,1,16,1,5,1,1,3,11,1,0,1,0,0,21,0,6,7,5,12.2,0,6,7,4,12.6,0,3.51
668,1,17,1,6,1,16,5,7,1,0,1,0,0,27,7,12,17,11,14.727272727272728,4,9,10,7,14.142857142857142,0,3.51
669,1,1,2,15,1,1,4,10,1,0,1,0,1,18,0,6,6,6,13.666666666666666,0,6,6,6,14.666666666666666,0,-0.92
670,1,8,1,8,1,1,4,7,1,0,1,0,0,18,0,6,8,6,15.0,0,6,8,5,15.166666666666666,0,0.79
671,1,1,1,12,1,1,5,8,0,0,1,0,1,19,0,7,7,7,14.014285714285714,0,8,8,8,15.35,0,0.79
672,2,1,1,13,1,1,31,29,0,1,1,1,0,24,0,7,7,7,12.271428571428572,0,8,10,7,13.657142857142857,0,1.74
673,1,1,3,15,1,1,4,4,0,0,1,0,1,18,0,6,6,6,13.166666666666666,0,6,6,6,12.166666666666666,0,1.79
674,1,1,1,12,1,1,5,10,0,0,1,1,0,19,0,7,7,6,13.7,0,7,7,6,13.7,0,0.32
675,1,1,2,12,1,1,10,10,0,0,1,1,0,19,0,8,8,7,13.828571428571427,0,8,8,7,13.828571428571427,0,-1.7
676,1,1,1,6,1,1,5,8,1,0,1,0,0,19,0,6,15,6,14.166666666666666,0,6,13,6,12.2,0,-4.06
677,1,1,1,8,1,1,3,10,1,1,0,0,0,19,0,6,0,0,0.0,0,6,0,0,0.0,0,2.02
678,1,14,1,6,1,1,5,5,0,0,1,0,0,19,0,6,7,6,15.0,0,6,8,6,15.625,0,1.79
679,1,12,1,4,1,1,3,3,0,0,1,1,0,27,0,6,10,5,13.0,0,6,13,5,11.5,0,-0.92
680,1,1,1,16,1,1,10,10,0,0,1,0,1,19,0,6,6,6,12.5,0,6,6,6,12.833333333333334,0,-1.7
681,1,1,1,6,1,1,12,12,0,0,1,0,0,18,0,5,5,5,14.0,0,5,6,5,15.4,0,0.32
682,1,1,4,10,1,1,10,10,0,0,1,0,1,18,0,6,7,6,12.285714285714286,0,6,8,6,11.428571428571429,0,1.79
683,1,1,2,9,1,1,10,10,0,0,1,0,0,18,0,5,8,2,10.0,0,5,9,3,11.333333333333334,0,0.32
684,1,12,1,17,0,9,10,10,0,0,1,1,0,38,0,5,11,2,10.5,0,5,9,3,11.333333333333334,1,0.32
685,1,12,1,9,1,12,4,6,1,1,1,0,0,24,0,5,8,5,10.2,0,5,6,5,12.2,0,1.79
686,1,5,1,6,1,1,5,6,1,0,1,0,0,21,0,5,6,5,14.2,0,5,5,5,14.8,0,1.74
687,1,1,4,15,1,1,10,8,1,0,1,0,0,20,0,6,7,6,13.571428571428571,0,6,6,6,13.333333333333334,0,0.79
688,1,1,2,14,1,1,3,7,1,0,1,1,1,21,0,6,8,6,15.166666666666666,0,6,7,6,14.428571428571429,0,3.51
689,1,1,1,12,1,1,4,4,0,0,1,1,0,19,0,8,8,7,13.714285714285714,0,8,8,7,13.714285714285714,0,-1.7
690,1,12,1,7,1,8,1,1,1,0,1,1,0,43,0,5,0,0,0.0,0,5,0,0,0.0,0,0.32
691,1,8,1,11,1,1,3,4,0,0,1,0,1,19,0,6,15,6,11.333333333333334,0,6,9,3,12.666666666666666,0,-3.12
692,4,4,1,12,1,15,4,4,1,0,1,0,0,32,0,7,16,4,13.625,0,7,8,7,12.6375,0,1.79
693,1,1,1,14,1,1,10,10,0,0,1,1,0,19,0,6,8,6,14.25,0,6,7,6,13.857142857142858,0,2.02
694,1,8,5,12,1,1,5,5,1,0,1,0,0,18,0,7,7,7,13.528571428571428,0,8,9,8,14.655555555555557,0,1.79
695,1,1,2,5,1,1,10,10,1,0,1,0,1,20,1,6,9,5,13.4,0,6,9,6,12.375,0,0.79
696,1,3,3,6,1,1,1,12,0,1,1,0,1,18,0,5,5,5,14.4,0,5,5,5,14.0,0,0.32
697,1,1,6,12,1,1,5,6,0,0,0,0,0,18,0,8,8,0,0.0,0,8,8,0,0.0,8,-3.12
698,2,12,1,4,1,1,2,5,0,0,1,1,0,30,3,12,12,3,12.0,5,12,16,5,11.8,0,-4.06
699,1,13,1,17,0,1,6,6,0,0,1,1,0,30,11,15,15,13,11.461538461538462,6,11,15,10,11.583333333333334,1,-0.92
700,1,1,2,12,1,1,8,6,1,0,1,0,0,18,0,7,8,7,14.13125,0,8,8,8,13.98375,0,-4.06
701,1,12,1,17,0,1,10,8,0,0,1,1,0,28,0,5,13,2,11.0,0,5,12,1,12.0,0,2.02
702,1,8,2,16,1,1,10,5,1,0,1,0,0,23,0,6,10,5,12.8,0,6,9,3,11.666666666666666,0,1.74
703,2,14,1,12,1,1,3,3,0,0,1,0,0,28,0,7,8,7,14.95,0,8,8,8,14.7375,0,0.79
704,1,14,1,16,1,1,10,9,0,0,1,0,0,22,0,6,9,5,13.6,0,6,8,5,12.0,0,-1.7
705,1,1,1,9,1,1,10,10,0,0,1,1,0,18,0,5,5,5,11.6,0,5,5,5,13.2,0,1.79
706,1,15,1,8,1,14,3,6,1,0,1,1,0,19,1,6,13,5,11.6,1,6,12,2,11.0,0,0.79
707,1,8,5,15,1,1,8,8,1,0,0,0,0,19,0,6,12,3,11.0,0,6,12,3,12.0,0,-3.12
708,1,1,1,17,0,1,4,10,0,0,1,1,0,34,0,5,6,5,12.4,0,5,9,5,13.428571428571429,0,0.79
709,1,1,1,14,1,1,10,10,0,0,1,1,1,18,0,6,7,6,13.571428571428571,0,6,6,6,14.333333333333334,0,1.79
710,1,1,3,14,1,1,1,1,1,0,1,0,0,18,0,5,7,3,12.0,0,5,7,4,13.25,1,0.32
711,1,1,1,8,1,1,6,6,1,0,1,0,0,20,0,5,6,5,16.166666666666668,0,5,6,5,15.833333333333334,0,-1.7
712,1,1,2,10,1,1,5,11,1,0,1,0,0,18,0,6,7,6,12.333333333333334,0,6,7,6,12.166666666666666,0,-3.12
713,1,8,1,11,1,1,5,9,0,0,1,1,0,20,0,6,7,6,13.714285714285714,0,6,8,6,14.714285714285714,0,-0.92
714,1,8,1,16,1,1,6,6,0,0,1,0,0,20,0,6,0,0,0.0,0,6,0,0,0.0,0,-4.06
715,1,12,1,9,1,1,10,3,0,0,1,1,0,61,0,5,0,0,0.0,0,5,0,0,0.0,0,-4.06
716,2,15,1,4,1,14,10,5,0,0,1,0,0,43,0,6,8,6,14.166666666666666,0,6,9,6,15.0,0,-4.06
717,1,1,3,5,1,1,6,8,1,0,1,0,0,20,0,6,6,6,13.666666666666666,0,6,6,6,13.333333333333334,0,-3.12
718,1,14,1,10,1,1,13,13,0,0,1,0,1,29,9,16,17,16,12.588235294117649,10,13,14,13,13.357142857142858,0,-3.12
719,4,13,1,9,1,1,8,4,1,0,1,1,0,33,0,5,5,1,10.0,0,5,5,0,0.0,0,0.32
720,1,8,1,11,1,1,1,6,0,0,1,1,0,20,0,6,9,4,10.75,0,6,12,0,0.0,0,0.32
721,1,16,1,5,1,1,10,10,1,0,1,1,0,21,4,12,13,5,13.2,4,12,12,4,13.5,0,3.51
722,1,14,3,2,1,1,8,8,1,0,1,0,0,21,0,0,0,0,0.0,0,0,0,0,0.0,0,-3.12
723,1,1,1,15,1,1,10,6,0,0,1,0,0,18,0,6,6,5,13.0,0,6,6,6,13.666666666666666,0,-1.7
724,3,8,1,10,1,1,10,10,1,0,1,0,1,21,0,6,8,3,10.2,0,6,13,4,12.25,0,-1.7
725,1,8,2,14,1,1,5,11,1,0,1,1,0,21,0,6,10,6,11.875,0,6,8,5,12.0,0,2.02
726,1,6,1,6,1,1,5,3,0,0,1,0,0,18,0,6,13,6,13.0,0,6,15,6,12.25,0,2.02
727,1,1,1,10,1,1,10,10,0,0,1,0,1,18,0,6,8,6,13.5,0,6,9,6,12.833333333333334,0,2.02
728,2,4,1,5,1,17,10,8,0,0,1,0,0,33,0,6,7,6,15.0,0,6,8,3,11.0,0,2.02
729,1,15,1,6,1,14,10,8,0,0,1,0,0,20,2,6,9,6,12.666666666666666,1,6,12,2,13.0,0,0.79
730,1,15,1,6,1,14,5,8,1,1,1,0,0,22,2,6,9,6,12.0,1,6,12,3,12.0,0,0.79
731,1,12,1,17,0,12,10,11,0,1,1,1,1,34,0,5,11,5,14.714285714285714,0,5,14,5,14.375,5,-0.92
732,1,9,1,6,1,1,10,10,1,0,1,0,1,21,0,6,7,6,13.5,0,6,6,3,15.333333333333334,0,3.51
733,1,1,1,15,1,1,10,10,1,0,1,0,0,18,0,6,6,6,15.5,0,6,6,6,14.0,0,2.02
734,1,1,1,10,1,1,10,10,0,0,1,1,1,19,0,6,7,6,13.857142857142858,0,6,6,6,14.0,0,0.79
735,1,1,1,6,1,1,3,3,0,0,1,0,0,18,0,5,5,5,12.6,0,5,7,5,11.6,0,0.32
736,1,8,5,15,1,1,8,8,1,0,1,0,0,18,0,6,6,6,12.5,0,6,6,6,13.833333333333334,0,3.51
737,1,8,2,12,1,1,5,8,1,0,1,0,0,19,0,7,8,7,14.05,0,8,8,8,15.1,0,0.79
738,1,12,1,17,0,14,10,10,0,0,1,1,0,24,0,5,7,3,11.333333333333334,0,5,6,0,0.0,0,1.74
739,1,1,2,2,1,1,3,4,1,0,1,0,0,19,0,0,0,0,0.0,0,0,0,0,0.0,0,-1.7
740,1,8,4,6,1,1,12,8,1,0,1,0,0,20,0,5,7,4,12.4,0,5,9,5,12.666666666666666,0,0.32
741,1,1,1,15,1,1,10,10,0,0,1,0,1,18,0,6,6,6,12.166666666666666,0,6,8,6,12.666666666666666,0,1.79
742,2,12,2,14,1,1,10,10,0,0,1,1,1,36,0,5,5,5,11.4,0,5,7,5,11.6,0,-3.12
743,1,1,4,14,1,1,8,8,1,0,1,0,0,20,0,6,7,0,0.0,0,6,6,0,0.0,0,-0.92
744,4,12,1,12,1,12,6,8,0,0,1,0,1,26,0,7,13,5,12.74,0,8,12,6,10.978571428571428,0,-0.92
745,1,1,3,12,1,1,2,2,1,0,1,0,0,18,0,8,8,7,13.614285714285714,0,8,8,7,13.614285714285714,0,-1.7
746,1,1,1,14,1,1,8,11,0,0,1,0,0,23,0,6,11,6,11.875,0,6,9,5,12.833333333333334,0,2.02
747,1,1,1,12,1,1,3,4,0,0,1,0,0,18,0,7,8,6,13.958333333333334,0,8,8,8,14.71875,0,2.02
748,4,14,2,17,0,13,3,10,0,0,1,1,0,39,0,2,5,0,0.0,0,4,4,0,0.0,0,1.74
749,1,1,1,5,1,1,6,8,0,0,1,0,1,18,1,6,8,6,13.571428571428571,0,6,11,6,12.375,0,0.79
750,1,15,1,8,1,14,4,7,0,1,0,0,0,20,2,6,13,3,11.666666666666666,1,6,11,3,12.0,0,1.79
751,1,12,1,8,1,12,10,11,1,1,1,1,0,44,0,6,9,5,11.571428571428571,0,6,11,0,0.0,0,0.79
752,1,12,1,4,1,1,3,5,0,1,0,1,0,35,0,6,8,5,16.166666666666668,0,6,10,4,16.0,0,3.51
753,1,8,1,14,1,1,6,9,1,1,1,0,0,18,0,6,6,5,11.8,0,6,9,4,13.714285714285714,0,1.74
754,1,1,2,14,1,1,5,8,1,0,1,0,1,19,0,6,6,6,13.333333333333334,0,6,10,5,13.4,0,3.51
755,1,15,1,4,1,14,4,10,1,0,1,1,0,21,0,6,7,6,12.857142857142858,0,6,6,6,13.166666666666666,0,1.79
756,2,12,1,17,0,1,10,10,1,0,1,1,0,41,0,5,8,4,11.25,0,5,8,3,11.0,1,0.32
757,5,4,1,12,1,15,5,10,0,0,1,0,0,29,1,8,11,7,13.742857142857144,1,8,11,7,13.742857142857144,0,-1.7
758,1,9,2,15,1,1,10,8,1,0,1,0,1,22,0,6,8,5,11.6,0,6,7,6,12.0,0,-3.12
759,1,9,4,2,1,1,10,6,1,1,0,1,0,20,0,0,0,0,0.0,0,0,0,0,0.0,0,-3.12
760,1,1,6,10,1,1,32,35,1,1,1,0,1,20,0,6,8,5,11.6,0,6,8,4,11.75,0,3.51
761,1,8,4,15,1,1,6,6,0,1,1,1,0,20,0,6,7,5,12.2,0,6,6,6,12.333333333333334,0,-1.7
762,5,4,1,8,1,3,10,7,0,0,0,0,0,27,1,5,8,3,14.666666666666666,0,5,7,2,13.0,2,1.74
763,1,14,1,9,1,1,20,36,0,0,1,0,0,19,0,5,11,5,11.5,0,5,9,2,10.666666666666666,0,0.79
764,1,9,3,5,1,1,6,4,1,0,1,0,0,18,1,6,8,6,13.714285714285714,0,6,8,6,14.375,0,0.79
765,1,8,1,7,1,1,12,6,1,0,1,1,0,21,0,5,10,1,10.0,0,5,8,3,13.666666666666666,3,0.32
766,1,1,2,12,1,1,5,5,1,0,1,0,1,19,0,7,7,7,12.495714285714286,0,8,9,7,12.242857142857144,0,2.02
767,1,8,6,7,1,1,5,1,1,0,1,1,0,20,0,5,7,4,13.0,0,5,9,5,14.833333333333334,3,0.32
768,1,4,1,12,1,3,12,12,1,0,1,1,0,30,0,8,8,0,0.0,0,8,8,0,0.0,8,-3.12
769,1,8,1,6,1,1,6,6,1,0,1,0,0,18,0,5,9,3,13.666666666666666,0,5,5,5,12.0,0,-1.7
770,1,1,4,12,1,1,8,8,1,0,1,0,1,18,0,7,7,7,14.572857142857142,0,8,9,8,14.955555555555556,0,1.79
771,1,1,1,14,1,1,2,8,0,0,1,0,0,22,0,5,6,3,11.333333333333334,0,5,5,0,0.0,0,-3.12
772,2,1,4,12,1,1,5,10,0,0,1,0,1,18,0,7,7,6,14.066666666666668,0,7,7,6,14.066666666666668,0,0.32
773,1,15,1,4,1,14,5,3,0,0,1,1,0,21,0,6,15,5,11.857142857142858,0,6,17,5,10.571428571428571,0,-0.92
774,1,8,1,3,0,1,7,7,0,0,1,0,1,24,0,6,11,4,12.0,0,6,7,6,13.0,0,1.74
775,1,14,2,12,1,1,5,5,1,0,1,1,1,28,18,23,23,20,13.5,18,23,23,20,13.5,3,0.32
776,1,9,1,12,1,1,10,8,1,0,1,0,0,19,0,8,8,8,13.11625,0,8,8,8,13.11625,0,-3.12
777,4,12,1,3,0,3,10,10,0,0,1,0,1,43,0,6,7,5,12.2,0,6,6,6,12.333333333333334,0,-3.12
778,2,15,1,3,0,14,10,11,0,0,1,0,0,33,3,6,7,6,15.714285714285714,2,6,7,6,15.5,0,0.79
779,1,1,1,15,1,1,1,6,1,0,1,0,0,20,0,4,8,0,0.0,0,4,8,0,0.0,0,0.32
780,1,1,1,5,1,1,5,5,0,0,0,0,0,18,1,6,10,5,12.2,0,6,11,4,10.833333333333334,0,0.79
781,1,1,4,6,1,1,2,5,1,0,1,0,1,19,0,6,7,6,14.857142857142858,0,6,10,6,13.11111111111111,0,1.79
782,1,3,4,16,1,1,4,9,1,0,1,0,0,21,0,6,9,5,12.6,0,6,9,3,11.666666666666666,0,-3.12
783,1,8,4,7,1,1,6,8,1,0,1,1,0,18,0,5,7,4,12.0,0,5,10,3,13.0,3,0.32
784,1,8,6,12,1,1,10,11,1,0,1,0,0,18,0,7,8,7,12.217142857142855,0,8,11,7,12.11875,0,2.02
785,1,4,1,4,1,4,3,5,1,0,1,0,0,31,8,12,12,11,13.818181818181818,4,12,16,12,13.461538461538462,0,-4.06
786,1,15,1,9,1,14,5,10,1,0,1,0,0,21,4,7,10,6,11.333333333333334,1,5,6,5,11.2,0,2.02
787,1,12,1,2,1,1,3,11,1,0,1,1,0,24,0,0,0,0,0.0,0,0,0,0,0.0,0,-3.12
788,1,12,1,7,1,1,10,4,0,0,1,1,1,28,0,5,16,3,14.333333333333334,0,5,9,5,12.428571428571429,0,-3.12
789,1,1,1,17,0,1,10,10,1,0,1,0,0,20,0,5,10,0,0.0,0,5,10,0,0.0,3,0.32
790,1,1,5,12,1,1,4,5,0,0,1,0,0,20,0,7,9,5,12.04,0,7,9,6,11.77142857142857,0,1.79
791,1,1,1,2,1,1,5,4,1,0,1,0,0,20,0,0,0,0,0.0,0,0,0,0,0.0,0,2.02
792,1,14,2,10,1,1,1,6,1,0,1,1,0,22,0,6,11,0,0.0,0,5,10,0,0.0,0,-3.12
793,1,4,1,12,1,3,5,5,0,0,1,0,0,25,0,8,8,7,14.805714285714286,0,8,8,7,14.805714285714286,0,1.74
794,1,8,1,10,1,1,10,6,0,0,1,0,1,19,0,6,11,5,11.6,0,6,10,6,11.714285714285714,0,-4.06
795,2,12,1,12,1,3,5,7,0,1,0,0,0,30,3,7,11,3,12.333333333333334,3,7,9,3,11.666666666666666,0,0.79
796,1,12,1,13,1,1,10,9,1,0,1,0,1,36,0,7,11,6,12.35,0,7,12,5,12.5,0,3.51
797,1,1,1,6,1,1,10,10,1,0,1,0,0,19,0,6,7,6,16.0,0,6,8,6,15.875,0,1.79
798,2,14,1,15,1,1,6,1,0,1,0,1,0,51,0,4,4,0,0.0,0,4,4,0,0.0,0,-1.7
799,1,4,1,12,1,3,5,11,1,0,1,0,0,23,1,7,8,6,14.357142857142858,1,7,8,6,14.357142857142858,0,0.32
800,1,15,1,6,1,1,5,4,1,0,1,0,0,20,0,6,13,5,11.8,0,6,19,4,12.0,0,1.79
801,1,1,2,2,1,1,2,4,1,0,1,1,0,17,0,0,0,0,0.0,0,0,0,0,0.0,0,-4.06
802,1,15,1,2,1,14,2,8,0,0,1,1,0,19,0,0,0,0,0.0,0,0,0,0,0.0,0,1.79
803,1,8,1,15,1,1,5,8,1,1,1,0,0,18,0,6,6,6,11.666666666666666,0,6,6,6,12.333333333333334,0,-0.92
804,1,12,1,12,1,1,10,10,1,0,1,1,0,27,0,7,7,7,14.085714285714284,0,7,7,7,14.085714285714284,0,0.32
805,1,1,1,15,1,1,5,4,0,0,1,0,0,19,0,6,6,6,13.166666666666666,0,6,6,6,15.0,0,-0.92
806,1,12,1,1,1,1,10,10,0,0,1,1,0,25,0,7,13,2,15.0,0,7,12,2,11.5,0,1.79
807,1,1,2,15,1,1,5,10,1,0,1,1,1,19,0,6,7,6,13.666666666666666,0,6,6,6,13.833333333333334,0,-1.7
808,2,12,1,15,1,1,8,5,0,0,1,1,0,43,0,6,10,4,11.75,0,6,7,0,0.0,0,-4.06
809,1,12,1,17,0,3,10,6,0,0,1,0,0,25,0,5,14,1,11.0,0,5,11,2,12.666666666666666,4,-0.92
810,1,12,2,9,1,12,5,11,0,0,0,1,0,32,0,5,5,0,0.0,0,5,9,0,0.0,0,1.74
811,1,7,2,5,1,1,5,3,1,0,1,0,0,18,0,6,11,1,11.0,0,6,11,4,11.0,4,0.32
812,1,12,1,14,1,6,12,4,1,0,1,1,0,30,0,5,5,0,0.0,0,5,5,0,0.0,0,0.32
813,1,1,2,15,1,1,5,4,0,0,1,1,1,18,0,6,6,6,12.666666666666666,0,6,6,6,11.5,0,-0.92
814,1,12,1,7,1,15,6,11,0,0,1,1,0,25,2,5,6,5,14.2,1,5,5,2,13.5,0,-0.92
815,1,8,1,12,1,1,3,4,0,0,1,0,0,19,0,8,8,8,13.3475,0,8,8,8,13.3475,0,-3.12
816,1,4,1,5,1,3,3,3,0,0,1,1,0,28,0,6,9,2,12.0,0,6,10,3,12.666666666666666,0,-1.7
817,1,1,2,12,1,1,5,8,0,0,1,0,1,20,0,7,9,5,13.188,0,8,9,7,12.892857142857142,0,2.02
818,1,1,4,11,1,1,10,8,1,0,1,0,0,24,0,6,14,2,10.5,0,6,11,1,10.0,0,1.74
819,1,1,1,10,1,1,10,10,0,0,1,0,1,19,0,6,7,5,12.333333333333334,0,6,7,6,12.833333333333334,0,-1.7
820,1,1,1,3,0,1,10,11,0,0,1,0,0,19,0,6,6,6,12.666666666666666,0,6,6,6,11.666666666666666,0,-1.7
821,1,8,1,10,1,1,10,10,1,0,1,0,1,21,0,6,7,6,13.333333333333334,0,6,7,6,13.5,0,1.79
822,1,1,1,9,1,1,4,4,0,0,1,1,0,19,0,5,6,5,12.6,0,5,13,5,11.8,5,-0.92
823,1,8,1,8,1,1,5,8,0,0,1,1,0,19,0,5,11,4,12.0,0,5,9,5,12.6,0,-3.12
824,2,15,1,4,1,14,5,8,0,0,1,1,0,37,0,6,17,1,12.0,0,6,23,2,10.5,1,-0.92
825,1,14,6,10,1,1,1,1,0,0,1,0,1,23,15,16,18,16,13.0,11,13,15,13,13.266666666666667,0,-3.12
826,1,15,1,4,1,14,3,7,1,0,0,0,0,20,0,6,10,6,13.375,0,6,10,6,13.0,0,-0.92
827,1,13,1,16,1,1,4,4,0,0,1,0,0,20,0,6,8,5,11.0,0,6,10,3,10.666666666666666,0,-1.7
828,1,1,1,12,1,1,8,10,1,0,1,0,1,18,0,7,7,6,12.666666666666666,0,7,7,6,12.666666666666666,0,0.32
829,1,1,4,12,1,1,2,2,1,0,1,0,0,18,0,8,12,7,12.857142857142858,0,8,12,7,12.857142857142858,0,-1.7
830,1,14,1,9,1,1,3,2,0,0,1,0,0,23,7,11,18,11,15.090909090909092,2,6,7,6,14.5,0,-3.12
831,1,1,1,10,1,1,6,5,1,0,1,0,1,18,0,6,6,6,14.666666666666666,0,6,6,6,15.166666666666666,0,-3.12
832,1,5,1,12,1,1,3,10,1,1,0,0,0,23,0,8,11,7,11.328571428571427,0,8,11,7,11.328571428571427,0,-1.7
833,1,8,1,8,1,1,3,10,0,0,1,0,0,18,0,5,14,2,12.0,0,5,6,5,12.6,0,-3.12
834,1,14,1,13,1,1,5,9,1,0,1,0,0,20,1,7,9,7,12.333333333333334,0,8,8,8,12.625,0,-1.7
835,1,1,1,15,1,1,3,2,1,0,1,0,0,22,0,6,13,2,12.0,0,6,14,1,10.0,0,-3.12
836,2,1,1,10,1,1,6,6,0,0,1,0,0,20,0,6,7,6,11.5,0,6,6,6,11.666666666666666,0,0.32
837,1,14,1,12,1,1,5,11,0,0,1,1,0,18,0,7,7,7,11.828571428571427,0,8,10,7,12.9125,0,0.79
838,1,1,1,10,1,1,2,4,0,0,1,0,0,21,0,6,0,0,0.0,0,6,0,0,0.0,0,-4.06
839,1,16,1,12,1,1,4,4,1,0,1,0,1,20,2,7,7,7,16.13142857142857,0,8,9,8,15.52222222222222,0,2.02
840,1,12,1,3,0,1,1,1,1,0,1,0,0,27,0,6,11,4,12.25,0,6,16,3,12.0,0,0.32
841,1,8,1,16,1,1,10,10,1,0,1,0,1,21,0,6,9,5,12.0,0,6,8,5,11.2,0,1.74
842,1,15,3,6,1,14,5,2,1,0,1,0,0,19,0,5,10,1,13.0,0,5,8,3,15.333333333333334,0,-1.7
843,2,12,1,12,1,1,10,10,1,0,1,0,0,39,0,7,8,5,12.16,0,7,8,5,12.16,0,0.32
844,1,1,5,12,1,1,10,10,1,0,1,0,0,18,0,8,8,8,12.82875,0,8,8,8,12.82875,0,-3.12
845,1,8,3,11,1,1,5,5,0,0,0,0,0,18,0,5,5,5,10.4,0,6,13,0,0.0,0,1.74
846,1,12,1,7,1,12,4,8,0,0,1,1,1,29,0,5,6,0,0.0,0,5,7,0,0.0,0,1.79
847,1,15,1,4,1,14,10,7,0,0,1,0,1,20,0,6,8,6,12.625,0,6,10,6,13.2,0,-0.92
848,1,17,1,6,1,16,3,9,1,0,1,0,0,21,7,11,15,10,14.5,4,9,15,8,14.0,0,3.51
849,1,1,3,12,1,1,10,9,1,0,1,0,1,19,0,8,8,7,12.785714285714286,0,8,8,7,12.785714285714286,0,-1.7
850,1,12,1,14,1,1,1,1,1,0,1,0,0,24,0,5,10,3,13.0,0,5,11,3,11.333333333333334,0,0.32
851,1,1,2,15,1,1,6,1,1,0,1,0,0,19,0,6,11,1,13.0,0,5,10,0,0.0,0,0.32
852,1,7,3,16,1,1,10,10,1,0,1,0,0,19,0,6,8,5,12.2,0,6,8,5,11.8,0,1.74
853,1,1,4,14,1,1,5,8,1,0,1,0,1,19,0,6,8,6,13.375,0,6,7,6,12.285714285714286,0,2.02
854,1,1,3,6,1,1,10,12,0,0,1,0,0,21,0,5,7,5,12.0,0,5,7,4,12.5,0,0.32
855,1,1,1,2,1,1,4,10,1,0,1,0,0,18,0,0,0,0,0.0,0,0,0,0,0.0,0,-1.7
856,1,1,3,2,1,1,10,4,1,1,0,1,1,19,0,0,0,0,0.0,0,0,0,0,0.0,0,-3.12
857,1,12,1,11,1,1,7,7,1,0,1,0,0,24,0,6,8,5,12.6,0,6,7,5,12.2,0,-3.12
858,2,12,1,2,1,9,8,8,1,0,1,1,0,36,0,0,0,0,0.0,0,0,0,0,0.0,0,0.32
859,1,1,1,8,1,1,3,5,0,0,1,1,0,18,0,5,7,3,13.666666666666666,0,5,5,5,13.2,0,0.32
860,1,12,1,8,1,12,13,13,0,0,1,1,0,31,0,5,5,0,0.0,0,5,5,0,0.0,0,0.32
861,1,8,1,14,1,1,10,9,1,0,1,1,1,19,0,6,6,6,13.333333333333334,0,6,7,6,13.285714285714286,0,3.51
862,1,1,1,6,1,1,10,10,1,0,1,0,0,21,0,5,10,3,11.666666666666666,0,5,5,5,13.0,0,1.74
863,1,14,1,7,1,1,5,8,0,0,1,1,0,19,0,5,8,5,12.0,0,5,12,2,10.5,0,0.79
864,1,1,1,6,1,1,2,12,0,0,1,0,0,18,0,5,6,4,13.75,0,5,8,5,14.857142857142858,0,0.32
865,1,1,1,12,1,1,10,8,0,0,1,0,1,19,0,7,12,6,13.766666666666666,0,8,10,7,14.051428571428572,0,-4.06
866,1,16,1,9,1,1,10,9,0,0,1,1,0,20,0,5,7,5,11.0,0,5,7,3,10.0,0,3.51
867,1,1,6,12,1,1,10,10,1,0,1,0,1,18,0,7,11,6,11.994444444444444,0,8,11,7,12.43142857142857,0,-4.06
868,1,8,2,13,1,1,8,8,1,0,1,0,0,20,0,7,13,4,13.5,0,7,11,4,11.225,0,2.02
869,1,1,1,12,1,1,4,4,1,0,1,0,1,18,0,7,7,7,15.101428571428572,0,8,8,8,16.09375,0,2.02
870,1,1,3,12,1,1,3,6,0,0,1,0,0,19,0,7,0,0,0.0,0,8,0,0,0.0,0,0.32
871,2,1,2,3,0,1,10,11,1,0,1,0,0,43,0,6,6,6,13.0,0,6,6,6,12.5,0,-3.12
872,1,1,1,2,1,1,4,4,0,0,1,0,0,18,0,0,0,0,0.0,0,0,0,0,0.0,0,0.79
873,2,12,1,12,1,3,5,7,0,0,1,1,0,32,0,7,7,7,13.62857142857143,0,8,8,8,13.9125,0,0.79
874,1,15,1,7,1,14,4,3,0,0,1,1,0,23,3,7,12,3,14.0,1,6,12,1,14.0,0,1.79
875,1,8,2,10,1,1,10,5,0,0,1,0,1,19,0,6,7,6,14.142857142857142,0,6,6,6,15.0,0,0.79
876,1,15,1,10,1,14,5,6,0,1,0,1,0,27,3,6,8,5,11.6,2,6,9,5,12.0,0,0.79
877,1,1,1,9,1,1,10,10,1,0,1,0,0,26,0,5,6,0,0.0,0,5,0,0,0.0,0,-4.06
878,5,12,1,12,1,3,10,10,0,0,1,0,0,27,0,8,8,7,15.94285714285714,0,8,8,7,15.94285714285714,0,-1.7
879,1,8,1,16,1,1,10,9,0,0,1,0,1,19,0,7,7,7,14.428571428571429,0,7,7,7,14.142857142857142,0,-0.92
880,1,12,1,14,1,12,5,8,0,1,0,0,0,25,0,5,5,5,11.2,0,5,5,5,12.6,0,-3.12
881,1,12,1,17,0,1,10,10,0,0,1,0,0,25,0,5,8,3,11.0,0,5,8,3,11.25,0,1.74
882,1,1,1,11,1,1,10,4,0,0,1,1,0,21,0,6,8,6,12.571428571428571,0,6,10,4,13.0,0,-1.7
883,1,1,6,12,1,1,10,10,1,0,1,1,0,19,0,8,8,7,12.2,0,8,8,7,12.2,0,-1.7
884,1,12,1,12,1,1,2,2,1,0,1,0,0,24,0,8,8,8,13.385,0,8,8,8,13.385,0,-3.12
885,1,15,1,10,1,14,6,11,0,1,1,0,0,21,3,6,6,6,12.166666666666666,2,6,7,6,11.714285714285714,0,0.79
